Country,Year,Total documents,Health relevance (1/0),Health adaptation mandate (1/0),Institutional health role (1/0),Adaptation,Disaster Risk Management,Loss And Damage,Mitigation
Afghanistan,2011,1,1,1,0,1.0,0.0,0.0,1.0
Afghanistan,2012,1,1,1,0,1.0,0.0,0.0,1.0
Afghanistan,2013,1,1,1,0,1.0,0.0,0.0,1.0
Afghanistan,2014,1,1,1,0,1.0,0.0,0.0,1.0
Afghanistan,2015,1,1,1,0,1.0,0.0,0.0,1.0
Afghanistan,2016,1,1,1,0,1.0,0.0,0.0,1.0
Afghanistan,2017,1,1,1,0,1.0,0.0,0.0,1.0
Afghanistan,2018,1,1,1,0,1.0,0.0,0.0,1.0
Afghanistan,2019,1,1,1,0,1.0,0.0,0.0,1.0
Afghanistan,2020,1,1,1,0,1.0,0.0,0.0,1.0
Afghanistan,2021,1,1,1,0,1.0,0.0,0.0,1.0
Afghanistan,2022,1,1,1,0,1.0,0.0,0.0,1.0
Afghanistan,2023,1,1,1,0,1.0,0.0,0.0,1.0
Afghanistan,2024,1,1,1,0,1.0,0.0,0.0,1.0
Afghanistan,2025,1,1,1,0,1.0,0.0,0.0,1.0
Albania,2008,2,2,0,0,0.0,0.0,0.0,2.0
Albania,2009,2,2,0,0,0.0,0.0,0.0,2.0
Albania,2010,2,2,0,0,0.0,0.0,0.0,2.0
Albania,2011,2,2,0,0,0.0,0.0,0.0,2.0
Albania,2012,2,2,0,0,0.0,0.0,0.0,2.0
Albania,2013,2,2,0,0,0.0,0.0,0.0,2.0
Albania,2014,2,2,0,0,0.0,0.0,0.0,2.0
Albania,2015,5,5,2,0,0.0,0.0,0.0,5.0
Albania,2016,5,5,2,0,0.0,0.0,0.0,5.0
Albania,2017,5,5,2,0,0.0,0.0,0.0,5.0
Albania,2018,5,5,2,0,0.0,0.0,0.0,5.0
Albania,2019,5,5,2,0,0.0,0.0,0.0,5.0
Albania,2020,6,6,3,0,1.0,0.0,0.0,6.0
Albania,2021,6,6,3,0,1.0,0.0,0.0,6.0
Albania,2022,6,6,3,0,1.0,0.0,0.0,6.0
Albania,2023,6,6,3,0,1.0,0.0,0.0,6.0
Albania,2024,6,6,3,0,1.0,0.0,0.0,6.0
Albania,2025,6,6,3,0,1.0,0.0,0.0,6.0
Algeria,1999,1,1,0,0,0.0,0.0,0.0,1.0
Algeria,2000,1,1,0,0,0.0,0.0,0.0,1.0
Algeria,2001,1,1,0,0,0.0,0.0,0.0,1.0
Algeria,2002,1,1,0,0,0.0,0.0,0.0,1.0
Algeria,2003,1,1,0,0,0.0,0.0,0.0,1.0
Algeria,2004,2,2,1,0,1.0,1.0,0.0,1.0
Algeria,2005,2,2,1,0,1.0,1.0,0.0,1.0
Algeria,2006,2,2,1,0,1.0,1.0,0.0,1.0
Algeria,2007,2,2,1,0,1.0,1.0,0.0,1.0
Algeria,2008,2,2,1,0,1.0,1.0,0.0,1.0
Algeria,2009,2,2,1,0,1.0,1.0,0.0,1.0
Algeria,2010,2,2,1,0,1.0,1.0,0.0,1.0
Algeria,2011,2,2,1,0,1.0,1.0,0.0,1.0
Algeria,2012,2,2,1,0,1.0,1.0,0.0,1.0
Algeria,2013,2,2,1,0,1.0,1.0,0.0,1.0
Algeria,2014,2,2,1,0,1.0,1.0,0.0,1.0
Algeria,2015,2,2,1,0,1.0,1.0,0.0,1.0
Algeria,2016,2,2,1,0,1.0,1.0,0.0,1.0
Algeria,2017,2,2,1,0,1.0,1.0,0.0,1.0
Algeria,2018,2,2,1,0,1.0,1.0,0.0,1.0
Algeria,2019,3,3,2,0,1.0,1.0,0.0,2.0
Algeria,2020,4,4,3,1,1.0,1.0,0.0,3.0
Algeria,2021,4,4,3,1,1.0,1.0,0.0,3.0
Algeria,2022,4,4,3,1,1.0,1.0,0.0,3.0
Algeria,2023,4,4,3,1,1.0,1.0,0.0,3.0
Algeria,2024,4,4,3,1,1.0,1.0,0.0,3.0
Algeria,2025,4,4,3,1,1.0,1.0,0.0,3.0
Andorra,2010,2,2,1,0,0.0,0.0,0.0,2.0
Andorra,2011,2,2,1,0,0.0,0.0,0.0,2.0
Andorra,2012,2,2,1,0,0.0,0.0,0.0,2.0
Andorra,2013,3,3,1,0,0.0,0.0,0.0,3.0
Andorra,2014,3,3,1,0,0.0,0.0,0.0,3.0
Andorra,2015,3,3,1,0,0.0,0.0,0.0,3.0
Andorra,2016,4,4,2,0,0.0,0.0,0.0,4.0
Andorra,2017,4,4,2,0,0.0,0.0,0.0,4.0
Andorra,2018,7,7,4,0,3.0,0.0,0.0,7.0
Andorra,2019,8,8,4,0,4.0,0.0,0.0,8.0
Andorra,2020,8,8,4,0,4.0,0.0,0.0,8.0
Andorra,2021,8,8,4,0,4.0,0.0,0.0,8.0
Andorra,2022,10,10,5,0,5.0,0.0,0.0,10.0
Andorra,2023,11,11,5,0,5.0,0.0,0.0,11.0
Andorra,2024,12,12,5,0,5.0,0.0,0.0,12.0
Andorra,2025,12,12,5,0,5.0,0.0,0.0,12.0
Antigua and Barbuda,2019,1,1,0,0,1.0,0.0,0.0,1.0
Antigua and Barbuda,2020,1,1,0,0,1.0,0.0,0.0,1.0
Antigua and Barbuda,2021,1,1,0,0,1.0,0.0,0.0,1.0
Antigua and Barbuda,2022,1,1,0,0,1.0,0.0,0.0,1.0
Antigua and Barbuda,2023,1,1,0,0,1.0,0.0,0.0,1.0
Antigua and Barbuda,2024,1,1,0,0,1.0,0.0,0.0,1.0
Antigua and Barbuda,2025,1,1,0,0,1.0,0.0,0.0,1.0
Argentina,2009,1,1,1,0,0.0,0.0,0.0,1.0
Argentina,2010,1,1,1,0,0.0,0.0,0.0,1.0
Argentina,2011,1,1,1,0,0.0,0.0,0.0,1.0
Argentina,2012,1,1,1,0,0.0,0.0,0.0,1.0
Argentina,2013,1,1,1,0,0.0,0.0,0.0,1.0
Argentina,2014,1,1,1,0,0.0,0.0,0.0,1.0
Argentina,2015,2,2,1,0,0.0,0.0,0.0,2.0
Argentina,2016,2,2,1,0,0.0,0.0,0.0,2.0
Argentina,2017,5,5,1,0,0.0,0.0,0.0,5.0
Argentina,2018,6,6,2,0,0.0,0.0,0.0,6.0
Argentina,2019,8,8,2,0,0.0,0.0,0.0,8.0
Argentina,2020,10,10,2,0,1.0,0.0,0.0,10.0
Argentina,2021,11,11,2,0,1.0,0.0,0.0,11.0
Argentina,2022,11,11,2,0,1.0,0.0,0.0,11.0
Argentina,2023,11,11,2,0,1.0,0.0,0.0,11.0
Argentina,2024,11,11,2,0,1.0,0.0,0.0,11.0
Argentina,2025,11,11,2,0,1.0,0.0,0.0,11.0
Australia,2001,1,1,1,0,0.0,0.0,0.0,1.0
Australia,2002,1,1,1,0,0.0,0.0,0.0,1.0
Australia,2003,1,1,1,0,0.0,0.0,0.0,1.0
Australia,2004,2,2,2,0,0.0,0.0,0.0,2.0
Australia,2005,2,2,2,0,0.0,0.0,0.0,2.0
Australia,2006,2,2,2,0,0.0,0.0,0.0,2.0
Australia,2007,2,2,2,0,0.0,0.0,0.0,2.0
Australia,2008,3,3,2,0,0.0,0.0,0.0,3.0
Australia,2009,3,3,2,0,0.0,0.0,0.0,3.0
Australia,2010,3,3,2,0,0.0,0.0,0.0,3.0
Australia,2011,7,7,6,0,1.0,0.0,0.0,7.0
Australia,2012,7,7,6,0,1.0,0.0,0.0,7.0
Australia,2013,7,7,6,0,1.0,0.0,0.0,7.0
Australia,2014,7,7,6,0,1.0,0.0,0.0,7.0
Australia,2015,7,7,6,0,1.0,0.0,0.0,7.0
Australia,2016,7,7,6,0,1.0,0.0,0.0,7.0
Australia,2017,8,8,7,0,1.0,0.0,0.0,8.0
Australia,2018,8,8,7,0,1.0,0.0,0.0,8.0
Australia,2019,8,8,7,0,1.0,0.0,0.0,8.0
Australia,2020,8,8,7,0,1.0,0.0,0.0,8.0
Australia,2021,8,8,7,0,1.0,0.0,0.0,8.0
Australia,2022,10,10,8,0,1.0,0.0,0.0,10.0
Australia,2023,10,10,8,0,1.0,0.0,0.0,10.0
Australia,2024,10,10,8,0,1.0,0.0,0.0,10.0
Australia,2025,10,10,8,0,1.0,0.0,0.0,10.0
Austria,1993,1,1,0,0,0.0,0.0,0.0,1.0
Austria,1994,1,1,0,0,0.0,0.0,0.0,1.0
Austria,1995,1,1,0,0,0.0,0.0,0.0,1.0
Austria,1996,1,1,0,0,0.0,0.0,0.0,1.0
Austria,1997,1,1,0,0,0.0,0.0,0.0,1.0
Austria,1998,1,1,0,0,0.0,0.0,0.0,1.0
Austria,1999,1,1,0,0,0.0,0.0,0.0,1.0
Austria,2000,3,3,1,0,2.0,0.0,0.0,3.0
Austria,2001,3,3,1,0,2.0,0.0,0.0,3.0
Austria,2002,3,3,1,0,2.0,0.0,0.0,3.0
Austria,2003,3,3,1,0,2.0,0.0,0.0,3.0
Austria,2004,3,3,1,0,2.0,0.0,0.0,3.0
Austria,2005,3,3,1,0,2.0,0.0,0.0,3.0
Austria,2006,3,3,1,0,2.0,0.0,0.0,3.0
Austria,2007,4,4,1,0,2.0,0.0,0.0,4.0
Austria,2008,4,4,1,0,2.0,0.0,0.0,4.0
Austria,2009,5,5,1,0,2.0,0.0,1.0,4.0
Austria,2010,5,5,1,0,2.0,0.0,1.0,4.0
Austria,2011,13,13,1,0,2.0,0.0,1.0,12.0
Austria,2012,13,13,1,0,2.0,0.0,1.0,12.0
Austria,2013,13,13,1,0,2.0,0.0,1.0,12.0
Austria,2014,14,14,1,0,2.0,0.0,1.0,13.0
Austria,2015,14,14,1,0,2.0,0.0,1.0,13.0
Austria,2016,14,14,1,0,2.0,0.0,1.0,13.0
Austria,2017,14,14,1,0,2.0,0.0,1.0,13.0
Austria,2018,14,14,1,0,2.0,0.0,1.0,13.0
Austria,2019,15,15,1,0,2.0,0.0,1.0,14.0
Austria,2020,17,17,1,0,2.0,0.0,3.0,16.0
Austria,2021,19,19,2,0,2.0,0.0,3.0,18.0
Austria,2022,20,20,2,0,2.0,0.0,3.0,19.0
Austria,2023,20,20,2,0,2.0,0.0,3.0,19.0
Austria,2024,20,20,2,0,2.0,0.0,3.0,19.0
Austria,2025,20,20,2,0,2.0,0.0,3.0,19.0
Bahamas,2022,1,1,1,0,0.0,0.0,0.0,1.0
Bahamas,2023,1,1,1,0,0.0,0.0,0.0,1.0
Bahamas,2024,1,1,1,0,0.0,0.0,0.0,1.0
Bahamas,2025,1,1,1,0,0.0,0.0,0.0,1.0
Bangladesh,2003,1,1,1,0,0.0,0.0,0.0,1.0
Bangladesh,2004,1,1,1,0,0.0,0.0,0.0,1.0
Bangladesh,2005,1,1,1,0,0.0,0.0,0.0,1.0
Bangladesh,2006,1,1,1,0,0.0,0.0,0.0,1.0
Bangladesh,2007,1,1,1,0,0.0,0.0,0.0,1.0
Bangladesh,2008,1,1,1,0,0.0,0.0,0.0,1.0
Bangladesh,2009,1,1,1,0,0.0,0.0,0.0,1.0
Bangladesh,2010,1,1,1,0,0.0,0.0,0.0,1.0
Bangladesh,2011,1,1,1,0,0.0,0.0,0.0,1.0
Bangladesh,2012,2,2,1,0,0.0,0.0,0.0,2.0
Bangladesh,2013,2,2,1,0,0.0,0.0,0.0,2.0
Bangladesh,2014,2,2,1,0,0.0,0.0,0.0,2.0
Bangladesh,2015,2,2,1,0,0.0,0.0,0.0,2.0
Bangladesh,2016,2,2,1,0,0.0,0.0,0.0,2.0
Bangladesh,2017,2,2,1,0,0.0,0.0,0.0,2.0
Bangladesh,2018,3,3,1,0,0.0,1.0,0.0,3.0
Bangladesh,2019,3,3,1,0,0.0,1.0,0.0,3.0
Bangladesh,2020,3,3,1,0,0.0,1.0,0.0,3.0
Bangladesh,2021,3,3,1,0,0.0,1.0,0.0,3.0
Bangladesh,2022,3,3,1,0,0.0,1.0,0.0,3.0
Bangladesh,2023,3,3,1,0,0.0,1.0,0.0,3.0
Bangladesh,2024,3,3,1,0,0.0,1.0,0.0,3.0
Bangladesh,2025,3,3,1,0,0.0,1.0,0.0,3.0
Belarus,1992,1,1,1,1,1.0,0.0,0.0,1.0
Belarus,1993,1,1,1,1,1.0,0.0,0.0,1.0
Belarus,1994,1,1,1,1,1.0,0.0,0.0,1.0
Belarus,1995,1,1,1,1,1.0,0.0,0.0,1.0
Belarus,1996,1,1,1,1,1.0,0.0,0.0,1.0
Belarus,1997,1,1,1,1,1.0,0.0,0.0,1.0
Belarus,1998,1,1,1,1,1.0,0.0,0.0,1.0
Belarus,1999,1,1,1,1,1.0,0.0,0.0,1.0
Belarus,2000,1,1,1,1,1.0,0.0,0.0,1.0
Belarus,2001,1,1,1,1,1.0,0.0,0.0,1.0
Belarus,2002,1,1,1,1,1.0,0.0,0.0,1.0
Belarus,2003,1,1,1,1,1.0,0.0,0.0,1.0
Belarus,2004,1,1,1,1,1.0,0.0,0.0,1.0
Belarus,2005,1,1,1,1,1.0,0.0,0.0,1.0
Belarus,2006,1,1,1,1,1.0,0.0,0.0,1.0
Belarus,2007,1,1,1,1,1.0,0.0,0.0,1.0
Belarus,2008,1,1,1,1,1.0,0.0,0.0,1.0
Belarus,2009,1,1,1,1,1.0,0.0,0.0,1.0
Belarus,2010,1,1,1,1,1.0,0.0,0.0,1.0
Belarus,2011,1,1,1,1,1.0,0.0,0.0,1.0
Belarus,2012,1,1,1,1,1.0,0.0,0.0,1.0
Belarus,2013,1,1,1,1,1.0,0.0,0.0,1.0
Belarus,2014,1,1,1,1,1.0,0.0,0.0,1.0
Belarus,2015,1,1,1,1,1.0,0.0,0.0,1.0
Belarus,2016,1,1,1,1,1.0,0.0,0.0,1.0
Belarus,2017,1,1,1,1,1.0,0.0,0.0,1.0
Belarus,2018,1,1,1,1,1.0,0.0,0.0,1.0
Belarus,2019,1,1,1,1,1.0,0.0,0.0,1.0
Belarus,2020,1,1,1,1,1.0,0.0,0.0,1.0
Belarus,2021,1,1,1,1,1.0,0.0,0.0,1.0
Belarus,2022,1,1,1,1,1.0,0.0,0.0,1.0
Belarus,2023,1,1,1,1,1.0,0.0,0.0,1.0
Belarus,2024,1,1,1,1,1.0,0.0,0.0,1.0
Belarus,2025,1,1,1,1,1.0,0.0,0.0,1.0
Belgium,1997,1,1,1,0,0.0,0.0,0.0,1.0
Belgium,1998,1,1,1,0,0.0,0.0,0.0,1.0
Belgium,1999,5,5,5,0,0.0,0.0,0.0,5.0
Belgium,2000,5,5,5,0,0.0,0.0,0.0,5.0
Belgium,2001,5,5,5,0,0.0,0.0,0.0,5.0
Belgium,2002,5,5,5,0,0.0,0.0,0.0,5.0
Belgium,2003,5,5,5,0,0.0,0.0,0.0,5.0
Belgium,2004,5,5,5,0,0.0,0.0,0.0,5.0
Belgium,2005,5,5,5,0,0.0,0.0,0.0,5.0
Belgium,2006,5,5,5,0,0.0,0.0,0.0,5.0
Belgium,2007,5,5,5,0,0.0,0.0,0.0,5.0
Belgium,2008,5,5,5,0,0.0,0.0,0.0,5.0
Belgium,2009,5,5,5,0,0.0,0.0,0.0,5.0
Belgium,2010,5,5,5,0,0.0,0.0,0.0,5.0
Belgium,2011,5,5,5,0,0.0,0.0,0.0,5.0
Belgium,2012,5,5,5,0,0.0,0.0,0.0,5.0
Belgium,2013,6,6,6,0,0.0,0.0,0.0,6.0
Belgium,2014,6,6,6,0,0.0,0.0,0.0,6.0
Belgium,2015,6,6,6,0,0.0,0.0,0.0,6.0
Belgium,2016,6,6,6,0,0.0,0.0,0.0,6.0
Belgium,2017,6,6,6,0,0.0,0.0,0.0,6.0
Belgium,2018,6,6,6,0,0.0,0.0,0.0,6.0
Belgium,2019,8,8,8,0,0.0,0.0,0.0,8.0
Belgium,2020,8,8,8,0,0.0,0.0,0.0,8.0
Belgium,2021,8,8,8,0,0.0,0.0,0.0,8.0
Belgium,2022,8,8,8,0,0.0,0.0,0.0,8.0
Belgium,2023,8,8,8,0,0.0,0.0,0.0,8.0
Belgium,2024,9,9,9,0,1.0,0.0,0.0,9.0
Belgium,2025,9,9,9,0,1.0,0.0,0.0,9.0
Belize,2017,1,1,1,0,0.0,1.0,0.0,1.0
Belize,2018,1,1,1,0,0.0,1.0,0.0,1.0
Belize,2019,1,1,1,0,0.0,1.0,0.0,1.0
Belize,2020,1,1,1,0,0.0,1.0,0.0,1.0
Belize,2021,1,1,1,0,0.0,1.0,0.0,1.0
Belize,2022,1,1,1,0,0.0,1.0,0.0,1.0
Belize,2023,1,1,1,0,0.0,1.0,0.0,1.0
Belize,2024,1,1,1,0,0.0,1.0,0.0,1.0
Belize,2025,1,1,1,0,0.0,1.0,0.0,1.0
Bolivia,1996,1,1,1,0,1.0,0.0,0.0,1.0
Bolivia,1997,1,1,1,0,1.0,0.0,0.0,1.0
Bolivia,1998,1,1,1,0,1.0,0.0,0.0,1.0
Bolivia,1999,1,1,1,0,1.0,0.0,0.0,1.0
Bolivia,2000,1,1,1,0,1.0,0.0,0.0,1.0
Bolivia,2001,1,1,1,0,1.0,0.0,0.0,1.0
Bolivia,2002,1,1,1,0,1.0,0.0,0.0,1.0
Bolivia,2003,1,1,1,0,1.0,0.0,0.0,1.0
Bolivia,2004,1,1,1,0,1.0,0.0,0.0,1.0
Bolivia,2005,1,1,1,0,1.0,0.0,0.0,1.0
Bolivia,2006,1,1,1,0,1.0,0.0,0.0,1.0
Bolivia,2007,1,1,1,0,1.0,0.0,0.0,1.0
Bolivia,2008,1,1,1,0,1.0,0.0,0.0,1.0
Bolivia,2009,2,2,2,1,2.0,1.0,0.0,1.0
Bolivia,2010,2,2,2,1,2.0,1.0,0.0,1.0
Bolivia,2011,2,2,2,1,2.0,1.0,0.0,1.0
Bolivia,2012,2,2,2,1,2.0,1.0,0.0,1.0
Bolivia,2013,4,4,2,1,4.0,2.0,1.0,1.0
Bolivia,2014,4,4,2,1,4.0,2.0,1.0,1.0
Bolivia,2015,5,5,2,1,4.0,2.0,1.0,2.0
Bolivia,2016,10,10,2,1,9.0,6.0,2.0,6.0
Bolivia,2017,10,10,2,1,9.0,6.0,2.0,6.0
Bolivia,2018,10,10,2,1,9.0,6.0,2.0,6.0
Bolivia,2019,10,10,2,1,9.0,6.0,2.0,6.0
Bolivia,2020,10,10,2,1,9.0,6.0,2.0,6.0
Bolivia,2021,10,10,2,1,9.0,6.0,2.0,6.0
Bolivia,2022,10,10,2,1,9.0,6.0,2.0,6.0
Bolivia,2023,11,11,2,1,9.0,7.0,2.0,6.0
Bolivia,2024,11,11,2,1,9.0,7.0,2.0,6.0
Bolivia,2025,11,11,2,1,9.0,7.0,2.0,6.0
Bosnia and Herzegovina,2013,1,1,0,0,1.0,1.0,0.0,0.0
Bosnia and Herzegovina,2014,1,1,0,0,1.0,1.0,0.0,0.0
Bosnia and Herzegovina,2015,1,1,0,0,1.0,1.0,0.0,0.0
Bosnia and Herzegovina,2016,1,1,0,0,1.0,1.0,0.0,0.0
Bosnia and Herzegovina,2017,1,1,0,0,1.0,1.0,0.0,0.0
Bosnia and Herzegovina,2018,1,1,0,0,1.0,1.0,0.0,0.0
Bosnia and Herzegovina,2019,1,1,0,0,1.0,1.0,0.0,0.0
Bosnia and Herzegovina,2020,1,1,0,0,1.0,1.0,0.0,0.0
Bosnia and Herzegovina,2021,1,1,0,0,1.0,1.0,0.0,0.0
Bosnia and Herzegovina,2022,1,1,0,0,1.0,1.0,0.0,0.0
Bosnia and Herzegovina,2023,1,1,0,0,1.0,1.0,0.0,0.0
Bosnia and Herzegovina,2024,1,1,0,0,1.0,1.0,0.0,0.0
Bosnia and Herzegovina,2025,1,1,0,0,1.0,1.0,0.0,0.0
Botswana,2010,1,1,1,0,1.0,0.0,0.0,1.0
Botswana,2011,1,1,1,0,1.0,0.0,0.0,1.0
Botswana,2012,1,1,1,0,1.0,0.0,0.0,1.0
Botswana,2013,1,1,1,0,1.0,0.0,0.0,1.0
Botswana,2014,1,1,1,0,1.0,0.0,0.0,1.0
Botswana,2015,1,1,1,0,1.0,0.0,0.0,1.0
Botswana,2016,1,1,1,0,1.0,0.0,0.0,1.0
Botswana,2017,1,1,1,0,1.0,0.0,0.0,1.0
Botswana,2018,1,1,1,0,1.0,0.0,0.0,1.0
Botswana,2019,1,1,1,0,1.0,0.0,0.0,1.0
Botswana,2020,1,1,1,0,1.0,0.0,0.0,1.0
Botswana,2021,1,1,1,0,1.0,0.0,0.0,1.0
Botswana,2022,1,1,1,0,1.0,0.0,0.0,1.0
Botswana,2023,1,1,1,0,1.0,0.0,0.0,1.0
Botswana,2024,1,1,1,0,1.0,0.0,0.0,1.0
Botswana,2025,1,1,1,0,1.0,0.0,0.0,1.0
Brazil,1997,1,1,1,0,0.0,0.0,0.0,1.0
Brazil,1998,3,3,2,0,0.0,0.0,0.0,3.0
Brazil,1999,4,4,2,0,0.0,0.0,0.0,4.0
Brazil,2000,4,4,2,0,0.0,0.0,0.0,4.0
Brazil,2001,6,6,2,0,1.0,1.0,0.0,5.0
Brazil,2002,7,7,2,0,1.0,1.0,0.0,6.0
Brazil,2003,7,7,2,0,1.0,1.0,0.0,6.0
Brazil,2004,7,7,2,0,1.0,1.0,0.0,6.0
Brazil,2005,8,8,2,0,1.0,1.0,0.0,7.0
Brazil,2006,9,9,2,0,2.0,1.0,0.0,8.0
Brazil,2007,12,12,2,0,3.0,1.0,0.0,11.0
Brazil,2008,14,14,2,0,3.0,1.0,0.0,13.0
Brazil,2009,17,17,3,0,5.0,1.0,0.0,15.0
Brazil,2010,19,19,3,0,5.0,1.0,0.0,17.0
Brazil,2011,20,20,3,0,5.0,1.0,0.0,18.0
Brazil,2012,24,24,3,0,7.0,2.0,1.0,21.0
Brazil,2013,25,25,3,0,7.0,2.0,1.0,22.0
Brazil,2014,25,25,3,0,7.0,2.0,1.0,22.0
Brazil,2015,25,25,3,0,7.0,2.0,1.0,22.0
Brazil,2016,25,25,3,0,7.0,2.0,1.0,22.0
Brazil,2017,25,25,3,0,7.0,2.0,1.0,22.0
Brazil,2018,28,28,3,0,7.0,2.0,1.0,25.0
Brazil,2019,28,28,3,0,7.0,2.0,1.0,25.0
Brazil,2020,28,28,3,0,7.0,2.0,1.0,25.0
Brazil,2021,30,30,3,0,7.0,2.0,1.0,27.0
Brazil,2022,31,31,3,0,7.0,2.0,1.0,28.0
Brazil,2023,32,32,4,0,8.0,2.0,1.0,29.0
Brazil,2024,37,37,5,0,12.0,4.0,1.0,33.0
Brazil,2025,37,37,5,0,12.0,4.0,1.0,33.0
Bulgaria,1998,1,1,1,0,0.0,0.0,0.0,1.0
Bulgaria,1999,1,1,1,0,0.0,0.0,0.0,1.0
Bulgaria,2000,1,1,1,0,0.0,0.0,0.0,1.0
Bulgaria,2001,2,2,2,0,1.0,1.0,0.0,1.0
Bulgaria,2002,3,3,3,1,2.0,1.0,0.0,2.0
Bulgaria,2003,4,4,4,1,2.0,1.0,0.0,3.0
Bulgaria,2004,4,4,4,1,2.0,1.0,0.0,3.0
Bulgaria,2005,4,4,4,1,2.0,1.0,0.0,3.0
Bulgaria,2006,5,5,4,1,2.0,1.0,0.0,4.0
Bulgaria,2007,5,5,4,1,2.0,1.0,0.0,4.0
Bulgaria,2008,6,6,5,1,2.0,1.0,0.0,5.0
Bulgaria,2009,6,6,5,1,2.0,1.0,0.0,5.0
Bulgaria,2010,6,6,5,1,2.0,1.0,0.0,5.0
Bulgaria,2011,10,10,9,2,3.0,1.0,0.0,9.0
Bulgaria,2012,11,11,9,2,3.0,1.0,0.0,10.0
Bulgaria,2013,11,11,9,2,3.0,1.0,0.0,10.0
Bulgaria,2014,12,12,10,3,4.0,1.0,0.0,11.0
Bulgaria,2015,12,12,10,3,4.0,1.0,0.0,11.0
Bulgaria,2016,12,12,10,3,4.0,1.0,0.0,11.0
Bulgaria,2017,12,12,10,3,4.0,1.0,0.0,11.0
Bulgaria,2018,12,12,10,3,4.0,1.0,0.0,11.0
Bulgaria,2019,12,12,10,3,4.0,1.0,0.0,11.0
Bulgaria,2020,12,12,10,3,4.0,1.0,0.0,11.0
Bulgaria,2021,12,12,10,3,4.0,1.0,0.0,11.0
Bulgaria,2022,12,12,10,3,4.0,1.0,0.0,11.0
Bulgaria,2023,12,12,10,3,4.0,1.0,0.0,11.0
Bulgaria,2024,12,12,10,3,4.0,1.0,0.0,11.0
Bulgaria,2025,12,12,10,3,4.0,1.0,0.0,11.0
Burkina Faso,2014,1,1,0,0,0.0,1.0,0.0,0.0
Burkina Faso,2015,1,1,0,0,0.0,1.0,0.0,0.0
Burkina Faso,2016,1,1,0,0,0.0,1.0,0.0,0.0
Burkina Faso,2017,1,1,0,0,0.0,1.0,0.0,0.0
Burkina Faso,2018,1,1,0,0,0.0,1.0,0.0,0.0
Burkina Faso,2019,1,1,0,0,0.0,1.0,0.0,0.0
Burkina Faso,2020,1,1,0,0,0.0,1.0,0.0,0.0
Burkina Faso,2021,1,1,0,0,0.0,1.0,0.0,0.0
Burkina Faso,2022,1,1,0,0,0.0,1.0,0.0,0.0
Burkina Faso,2023,1,1,0,0,0.0,1.0,0.0,0.0
Burkina Faso,2024,1,1,0,0,0.0,1.0,0.0,0.0
Burkina Faso,2025,1,1,0,0,0.0,1.0,0.0,0.0
Canada,1992,1,1,0,0,0.0,0.0,0.0,1.0
Canada,1993,1,1,0,0,0.0,0.0,0.0,1.0
Canada,1994,1,1,0,0,0.0,0.0,0.0,1.0
Canada,1995,1,1,0,0,0.0,0.0,0.0,1.0
Canada,1996,1,1,0,0,0.0,0.0,0.0,1.0
Canada,1997,1,1,0,0,0.0,0.0,0.0,1.0
Canada,1998,1,1,0,0,0.0,0.0,0.0,1.0
Canada,1999,2,2,0,0,0.0,0.0,0.0,2.0
Canada,2000,2,2,0,0,0.0,0.0,0.0,2.0
Canada,2001,2,2,0,0,0.0,0.0,0.0,2.0
Canada,2002,2,2,0,0,0.0,0.0,0.0,2.0
Canada,2003,2,2,0,0,0.0,0.0,0.0,2.0
Canada,2004,2,2,0,0,0.0,0.0,0.0,2.0
Canada,2005,2,2,0,0,0.0,0.0,0.0,2.0
Canada,2006,2,2,0,0,0.0,0.0,0.0,2.0
Canada,2007,2,2,0,0,0.0,0.0,0.0,2.0
Canada,2008,2,2,0,0,0.0,0.0,0.0,2.0
Canada,2009,2,2,0,0,0.0,0.0,0.0,2.0
Canada,2010,2,2,0,0,0.0,0.0,0.0,2.0
Canada,2011,2,2,0,0,0.0,0.0,0.0,2.0
Canada,2012,2,2,0,0,0.0,0.0,0.0,2.0
Canada,2013,2,2,0,0,0.0,0.0,0.0,2.0
Canada,2014,2,2,0,0,0.0,0.0,0.0,2.0
Canada,2015,2,2,0,0,0.0,0.0,0.0,2.0
Canada,2016,2,2,0,0,0.0,0.0,0.0,2.0
Canada,2017,2,2,0,0,0.0,0.0,0.0,2.0
Canada,2018,4,4,1,0,0.0,0.0,0.0,4.0
Canada,2019,5,5,2,0,1.0,0.0,0.0,5.0
Canada,2020,5,5,2,0,1.0,0.0,0.0,5.0
Canada,2021,7,7,3,0,1.0,0.0,0.0,7.0
Canada,2022,9,9,5,0,1.0,0.0,0.0,9.0
Canada,2023,11,11,7,0,2.0,0.0,0.0,11.0
Canada,2024,13,13,9,1,3.0,0.0,0.0,13.0
Canada,2025,13,13,9,1,3.0,0.0,0.0,13.0
Chile,2007,1,1,0,0,0.0,0.0,0.0,1.0
Chile,2008,1,1,0,0,0.0,0.0,0.0,1.0
Chile,2009,1,1,0,0,0.0,0.0,0.0,1.0
Chile,2010,2,2,0,0,0.0,1.0,0.0,1.0
Chile,2011,2,2,0,0,0.0,1.0,0.0,1.0
Chile,2012,2,2,0,0,0.0,1.0,0.0,1.0
Chile,2013,2,2,0,0,0.0,1.0,0.0,1.0
Chile,2014,2,2,0,0,0.0,1.0,0.0,1.0
Chile,2015,2,2,0,0,0.0,1.0,0.0,1.0
Chile,2016,2,2,0,0,0.0,1.0,0.0,1.0
Chile,2017,2,2,0,0,0.0,1.0,0.0,1.0
Chile,2018,3,3,0,0,0.0,1.0,0.0,2.0
Chile,2019,3,3,0,0,0.0,1.0,0.0,2.0
Chile,2020,4,4,0,0,0.0,1.0,0.0,3.0
Chile,2021,4,4,0,0,0.0,1.0,0.0,3.0
Chile,2022,4,4,0,0,0.0,1.0,0.0,3.0
Chile,2023,4,4,0,0,0.0,1.0,0.0,3.0
Chile,2024,4,4,0,0,0.0,1.0,0.0,3.0
Chile,2025,4,4,0,0,0.0,1.0,0.0,3.0
China,1984,1,1,1,0,1.0,0.0,0.0,1.0
China,1985,1,1,1,0,1.0,0.0,0.0,1.0
China,1986,1,1,1,0,1.0,0.0,0.0,1.0
China,1987,1,1,1,0,1.0,0.0,0.0,1.0
China,1988,1,1,1,0,1.0,0.0,0.0,1.0
China,1989,1,1,1,0,1.0,0.0,0.0,1.0
China,1990,1,1,1,0,1.0,0.0,0.0,1.0
China,1991,1,1,1,0,1.0,0.0,0.0,1.0
China,1992,1,1,1,0,1.0,0.0,0.0,1.0
China,1993,1,1,1,0,1.0,0.0,0.0,1.0
China,1994,1,1,1,0,1.0,0.0,0.0,1.0
China,1995,1,1,1,0,1.0,0.0,0.0,1.0
China,1996,1,1,1,0,1.0,0.0,0.0,1.0
China,1997,1,1,1,0,1.0,0.0,0.0,1.0
China,1998,1,1,1,0,1.0,0.0,0.0,1.0
China,1999,1,1,1,0,1.0,0.0,0.0,1.0
China,2000,1,1,1,0,1.0,0.0,0.0,1.0
China,2001,2,2,2,0,1.0,0.0,0.0,2.0
China,2002,3,3,3,0,1.0,0.0,0.0,3.0
China,2003,3,3,3,0,1.0,0.0,0.0,3.0
China,2004,4,4,3,0,1.0,0.0,0.0,4.0
China,2005,4,4,3,0,1.0,0.0,0.0,4.0
China,2006,5,5,4,0,1.0,0.0,0.0,5.0
China,2007,6,6,5,0,1.0,0.0,0.0,6.0
China,2008,8,8,6,0,1.0,0.0,0.0,8.0
China,2009,8,8,6,0,1.0,0.0,0.0,8.0
China,2010,10,10,8,0,1.0,0.0,0.0,10.0
China,2011,10,10,8,0,1.0,0.0,0.0,10.0
China,2012,10,10,8,0,1.0,0.0,0.0,10.0
China,2013,10,10,8,0,1.0,0.0,0.0,10.0
China,2014,10,10,8,0,1.0,0.0,0.0,10.0
China,2015,10,10,8,0,1.0,0.0,0.0,10.0
China,2016,10,10,8,0,1.0,0.0,0.0,10.0
China,2017,10,10,8,0,1.0,0.0,0.0,10.0
China,2018,10,10,8,0,1.0,0.0,0.0,10.0
China,2019,11,11,9,0,1.0,0.0,0.0,11.0
China,2020,11,11,9,0,1.0,0.0,0.0,11.0
China,2021,12,12,10,0,1.0,0.0,0.0,12.0
China,2022,12,12,10,0,1.0,0.0,0.0,12.0
China,2023,12,12,10,0,1.0,0.0,0.0,12.0
China,2024,12,12,10,0,1.0,0.0,0.0,12.0
China,2025,12,12,10,0,1.0,0.0,0.0,12.0
Colombia,2001,1,1,0,0,0.0,0.0,0.0,1.0
Colombia,2002,2,2,0,0,0.0,0.0,0.0,2.0
Colombia,2003,2,2,0,0,0.0,0.0,0.0,2.0
Colombia,2004,2,2,0,0,0.0,0.0,0.0,2.0
Colombia,2005,2,2,0,0,0.0,0.0,0.0,2.0
Colombia,2006,2,2,0,0,0.0,0.0,0.0,2.0
Colombia,2007,2,2,0,0,0.0,0.0,0.0,2.0
Colombia,2008,2,2,0,0,0.0,0.0,0.0,2.0
Colombia,2009,2,2,0,0,0.0,0.0,0.0,2.0
Colombia,2010,2,2,0,0,0.0,0.0,0.0,2.0
Colombia,2011,2,2,0,0,0.0,0.0,0.0,2.0
Colombia,2012,3,3,1,0,1.0,0.0,0.0,2.0
Colombia,2013,3,3,1,0,1.0,0.0,0.0,2.0
Colombia,2014,4,4,1,0,1.0,0.0,0.0,3.0
Colombia,2015,4,4,1,0,1.0,0.0,0.0,3.0
Colombia,2016,8,8,2,0,1.0,0.0,0.0,7.0
Colombia,2017,9,9,2,0,1.0,0.0,0.0,8.0
Colombia,2018,10,10,2,0,2.0,0.0,0.0,8.0
Colombia,2019,11,11,2,0,3.0,0.0,0.0,9.0
Colombia,2020,13,13,2,0,4.0,0.0,0.0,11.0
Colombia,2021,16,16,3,0,5.0,0.0,0.0,14.0
Colombia,2022,16,16,3,0,5.0,0.0,0.0,14.0
Colombia,2023,17,17,4,0,5.0,0.0,0.0,15.0
Colombia,2024,18,18,4,0,6.0,1.0,0.0,16.0
Colombia,2025,18,18,4,0,6.0,1.0,0.0,16.0
Costa Rica,1994,1,1,0,0,0.0,0.0,0.0,1.0
Costa Rica,1995,1,1,0,0,0.0,0.0,0.0,1.0
Costa Rica,1996,1,1,0,0,0.0,0.0,0.0,1.0
Costa Rica,1997,1,1,0,0,0.0,0.0,0.0,1.0
Costa Rica,1998,1,1,0,0,0.0,0.0,0.0,1.0
Costa Rica,1999,1,1,0,0,0.0,0.0,0.0,1.0
Costa Rica,2000,1,1,0,0,0.0,0.0,0.0,1.0
Costa Rica,2001,1,1,0,0,0.0,0.0,0.0,1.0
Costa Rica,2002,1,1,0,0,0.0,0.0,0.0,1.0
Costa Rica,2003,1,1,0,0,0.0,0.0,0.0,1.0
Costa Rica,2004,1,1,0,0,0.0,0.0,0.0,1.0
Costa Rica,2005,1,1,0,0,0.0,0.0,0.0,1.0
Costa Rica,2006,1,1,0,0,0.0,0.0,0.0,1.0
Costa Rica,2007,1,1,0,0,0.0,0.0,0.0,1.0
Costa Rica,2008,1,1,0,0,0.0,0.0,0.0,1.0
Costa Rica,2009,1,1,0,0,0.0,0.0,0.0,1.0
Costa Rica,2010,1,1,0,0,0.0,0.0,0.0,1.0
Costa Rica,2011,1,1,0,0,0.0,0.0,0.0,1.0
Costa Rica,2012,1,1,0,0,0.0,0.0,0.0,1.0
Costa Rica,2013,1,1,0,0,0.0,0.0,0.0,1.0
Costa Rica,2014,1,1,0,0,0.0,0.0,0.0,1.0
Costa Rica,2015,1,1,0,0,0.0,0.0,0.0,1.0
Costa Rica,2016,1,1,0,0,0.0,0.0,0.0,1.0
Costa Rica,2017,3,3,1,0,0.0,0.0,0.0,3.0
Costa Rica,2018,3,3,1,0,0.0,0.0,0.0,3.0
Costa Rica,2019,3,3,1,0,0.0,0.0,0.0,3.0
Costa Rica,2020,3,3,1,0,0.0,0.0,0.0,3.0
Costa Rica,2021,3,3,1,0,0.0,0.0,0.0,3.0
Costa Rica,2022,3,3,1,0,0.0,0.0,0.0,3.0
Costa Rica,2023,3,3,1,0,0.0,0.0,0.0,3.0
Costa Rica,2024,3,3,1,0,0.0,0.0,0.0,3.0
Costa Rica,2025,3,3,1,0,0.0,0.0,0.0,3.0
Croatia,2009,1,1,0,0,0.0,0.0,0.0,1.0
Croatia,2010,1,1,0,0,0.0,0.0,0.0,1.0
Croatia,2011,1,1,0,0,0.0,0.0,0.0,1.0
Croatia,2012,1,1,0,0,0.0,0.0,0.0,1.0
Croatia,2013,1,1,0,0,0.0,0.0,0.0,1.0
Croatia,2014,1,1,0,0,0.0,0.0,0.0,1.0
Croatia,2015,1,1,0,0,0.0,0.0,0.0,1.0
Croatia,2016,1,1,0,0,0.0,0.0,0.0,1.0
Croatia,2017,1,1,0,0,0.0,0.0,0.0,1.0
Croatia,2018,1,1,0,0,0.0,0.0,0.0,1.0
Croatia,2019,2,2,0,0,0.0,0.0,0.0,1.0
Croatia,2020,2,2,0,0,0.0,0.0,0.0,1.0
Croatia,2021,2,2,0,0,0.0,0.0,0.0,1.0
Croatia,2022,2,2,0,0,0.0,0.0,0.0,1.0
Croatia,2023,2,2,0,0,0.0,0.0,0.0,1.0
Croatia,2024,2,2,0,0,0.0,0.0,0.0,1.0
Croatia,2025,2,2,0,0,0.0,0.0,0.0,1.0
Cuba,1994,1,1,0,0,1.0,1.0,0.0,0.0
Cuba,1995,1,1,0,0,1.0,1.0,0.0,0.0
Cuba,1996,1,1,0,0,1.0,1.0,0.0,0.0
Cuba,1997,1,1,0,0,1.0,1.0,0.0,0.0
Cuba,1998,1,1,0,0,1.0,1.0,0.0,0.0
Cuba,1999,1,1,0,0,1.0,1.0,0.0,0.0
Cuba,2000,1,1,0,0,1.0,1.0,0.0,0.0
Cuba,2001,1,1,0,0,1.0,1.0,0.0,0.0
Cuba,2002,1,1,0,0,1.0,1.0,0.0,0.0
Cuba,2003,1,1,0,0,1.0,1.0,0.0,0.0
Cuba,2004,1,1,0,0,1.0,1.0,0.0,0.0
Cuba,2005,1,1,0,0,1.0,1.0,0.0,0.0
Cuba,2006,1,1,0,0,1.0,1.0,0.0,0.0
Cuba,2007,1,1,0,0,1.0,1.0,0.0,0.0
Cuba,2008,1,1,0,0,1.0,1.0,0.0,0.0
Cuba,2009,1,1,0,0,1.0,1.0,0.0,0.0
Cuba,2010,1,1,0,0,1.0,1.0,0.0,0.0
Cuba,2011,1,1,0,0,1.0,1.0,0.0,0.0
Cuba,2012,1,1,0,0,1.0,1.0,0.0,0.0
Cuba,2013,1,1,0,0,1.0,1.0,0.0,0.0
Cuba,2014,1,1,0,0,1.0,1.0,0.0,0.0
Cuba,2015,1,1,0,0,1.0,1.0,0.0,0.0
Cuba,2016,1,1,0,0,1.0,1.0,0.0,0.0
Cuba,2017,1,1,0,0,1.0,1.0,0.0,0.0
Cuba,2018,1,1,0,0,1.0,1.0,0.0,0.0
Cuba,2019,2,2,1,1,2.0,1.0,0.0,1.0
Cuba,2020,2,2,1,1,2.0,1.0,0.0,1.0
Cuba,2021,2,2,1,1,2.0,1.0,0.0,1.0
Cuba,2022,2,2,1,1,2.0,1.0,0.0,1.0
Cuba,2023,2,2,1,1,2.0,1.0,0.0,1.0
Cuba,2024,2,2,1,1,2.0,1.0,0.0,1.0
Cuba,2025,2,2,1,1,2.0,1.0,0.0,1.0
Czechia,1997,1,1,0,0,0.0,0.0,0.0,1.0
Czechia,1998,1,1,0,0,0.0,0.0,0.0,1.0
Czechia,1999,1,1,0,0,0.0,0.0,0.0,1.0
Czechia,2000,2,2,0,0,1.0,1.0,0.0,1.0
Czechia,2001,2,2,0,0,1.0,1.0,0.0,1.0
Czechia,2002,2,2,0,0,1.0,1.0,0.0,1.0
Czechia,2003,2,2,0,0,1.0,1.0,0.0,1.0
Czechia,2004,2,2,0,0,1.0,1.0,0.0,1.0
Czechia,2005,2,2,0,0,1.0,1.0,0.0,1.0
Czechia,2006,2,2,0,0,1.0,1.0,0.0,1.0
Czechia,2007,2,2,0,0,1.0,1.0,0.0,1.0
Czechia,2008,2,2,0,0,1.0,1.0,0.0,1.0
Czechia,2009,2,2,0,0,1.0,1.0,0.0,1.0
Czechia,2010,2,2,0,0,1.0,1.0,0.0,1.0
Czechia,2011,2,2,0,0,1.0,1.0,0.0,1.0
Czechia,2012,4,4,0,0,1.0,1.0,0.0,3.0
Czechia,2013,4,4,0,0,1.0,1.0,0.0,3.0
Czechia,2014,4,4,0,0,1.0,1.0,0.0,3.0
Czechia,2015,4,4,0,0,1.0,1.0,0.0,3.0
Czechia,2016,4,4,0,0,1.0,1.0,0.0,3.0
Czechia,2017,4,4,0,0,1.0,1.0,0.0,3.0
Czechia,2018,4,4,0,0,1.0,1.0,0.0,3.0
Czechia,2019,4,4,0,0,1.0,1.0,0.0,3.0
Czechia,2020,4,4,0,0,1.0,1.0,0.0,3.0
Czechia,2021,4,4,0,0,1.0,1.0,0.0,3.0
Czechia,2022,4,4,0,0,1.0,1.0,0.0,3.0
Czechia,2023,4,4,0,0,1.0,1.0,0.0,3.0
Czechia,2024,4,4,0,0,1.0,1.0,0.0,3.0
Czechia,2025,4,4,0,0,1.0,1.0,0.0,3.0
Côte d'Ivoire,2016,1,1,1,0,0.0,0.0,0.0,1.0
Côte d'Ivoire,2017,1,1,1,0,0.0,0.0,0.0,1.0
Côte d'Ivoire,2018,1,1,1,0,0.0,0.0,0.0,1.0
Côte d'Ivoire,2019,1,1,1,0,0.0,0.0,0.0,1.0
Côte d'Ivoire,2020,1,1,1,0,0.0,0.0,0.0,1.0
Côte d'Ivoire,2021,1,1,1,0,0.0,0.0,0.0,1.0
Côte d'Ivoire,2022,1,1,1,0,0.0,0.0,0.0,1.0
Côte d'Ivoire,2023,1,1,1,0,0.0,0.0,0.0,1.0
Côte d'Ivoire,2024,1,1,1,0,0.0,0.0,0.0,1.0
Côte d'Ivoire,2025,1,1,1,0,0.0,0.0,0.0,1.0
Denmark,2000,1,1,1,0,0.0,0.0,0.0,1.0
Denmark,2001,1,1,1,0,0.0,0.0,0.0,1.0
Denmark,2002,1,1,1,0,0.0,0.0,0.0,1.0
Denmark,2003,1,1,1,0,0.0,0.0,0.0,1.0
Denmark,2004,1,1,1,0,0.0,0.0,0.0,1.0
Denmark,2005,1,1,1,0,0.0,0.0,0.0,1.0
Denmark,2006,1,1,1,0,0.0,0.0,0.0,1.0
Denmark,2007,1,1,1,0,0.0,0.0,0.0,1.0
Denmark,2008,1,1,1,0,0.0,0.0,0.0,1.0
Denmark,2009,7,7,3,0,1.0,0.0,0.0,7.0
Denmark,2010,7,7,3,0,1.0,0.0,0.0,7.0
Denmark,2011,8,8,3,0,1.0,0.0,0.0,8.0
Denmark,2012,8,8,3,0,1.0,0.0,0.0,8.0
Denmark,2013,8,8,3,0,1.0,0.0,0.0,8.0
Denmark,2014,8,8,3,0,1.0,0.0,0.0,8.0
Denmark,2015,8,8,3,0,1.0,0.0,0.0,8.0
Denmark,2016,8,8,3,0,1.0,0.0,0.0,8.0
Denmark,2017,8,8,3,0,1.0,0.0,0.0,8.0
Denmark,2018,8,8,3,0,1.0,0.0,0.0,8.0
Denmark,2019,9,9,3,0,1.0,0.0,0.0,9.0
Denmark,2020,11,11,3,0,3.0,0.0,0.0,11.0
Denmark,2021,11,11,3,0,3.0,0.0,0.0,11.0
Denmark,2022,11,11,3,0,3.0,0.0,0.0,11.0
Denmark,2023,11,11,3,0,3.0,0.0,0.0,11.0
Denmark,2024,11,11,3,0,3.0,0.0,0.0,11.0
Denmark,2025,11,11,3,0,3.0,0.0,0.0,11.0
Dominican Republic,2000,1,1,1,0,0.0,0.0,0.0,1.0
Dominican Republic,2001,1,1,1,0,0.0,0.0,0.0,1.0
Dominican Republic,2002,1,1,1,0,0.0,0.0,0.0,1.0
Dominican Republic,2003,1,1,1,0,0.0,0.0,0.0,1.0
Dominican Republic,2004,1,1,1,0,0.0,0.0,0.0,1.0
Dominican Republic,2005,1,1,1,0,0.0,0.0,0.0,1.0
Dominican Republic,2006,1,1,1,0,0.0,0.0,0.0,1.0
Dominican Republic,2007,1,1,1,0,0.0,0.0,0.0,1.0
Dominican Republic,2008,1,1,1,0,0.0,0.0,0.0,1.0
Dominican Republic,2009,1,1,1,0,0.0,0.0,0.0,1.0
Dominican Republic,2010,1,1,1,0,0.0,0.0,0.0,1.0
Dominican Republic,2011,1,1,1,0,0.0,0.0,0.0,1.0
Dominican Republic,2012,1,1,1,0,0.0,0.0,0.0,1.0
Dominican Republic,2013,1,1,1,0,0.0,0.0,0.0,1.0
Dominican Republic,2014,1,1,1,0,0.0,0.0,0.0,1.0
Dominican Republic,2015,2,2,2,0,1.0,0.0,0.0,2.0
Dominican Republic,2016,2,2,2,0,1.0,0.0,0.0,2.0
Dominican Republic,2017,2,2,2,0,1.0,0.0,0.0,2.0
Dominican Republic,2018,2,2,2,0,1.0,0.0,0.0,2.0
Dominican Republic,2019,2,2,2,0,1.0,0.0,0.0,2.0
Dominican Republic,2020,2,2,2,0,1.0,0.0,0.0,2.0
Dominican Republic,2021,2,2,2,0,1.0,0.0,0.0,2.0
Dominican Republic,2022,2,2,2,0,1.0,0.0,0.0,2.0
Dominican Republic,2023,2,2,2,0,1.0,0.0,0.0,2.0
Dominican Republic,2024,2,2,2,0,1.0,0.0,0.0,2.0
Dominican Republic,2025,2,2,2,0,1.0,0.0,0.0,2.0
Ecuador,2008,1,1,1,1,1.0,0.0,0.0,1.0
Ecuador,2009,1,1,1,1,1.0,0.0,0.0,1.0
Ecuador,2010,1,1,1,1,1.0,0.0,0.0,1.0
Ecuador,2011,1,1,1,1,1.0,0.0,0.0,1.0
Ecuador,2012,1,1,1,1,1.0,0.0,0.0,1.0
Ecuador,2013,1,1,1,1,1.0,0.0,0.0,1.0
Ecuador,2014,1,1,1,1,1.0,0.0,0.0,1.0
Ecuador,2015,1,1,1,1,1.0,0.0,0.0,1.0
Ecuador,2016,1,1,1,1,1.0,0.0,0.0,1.0
Ecuador,2017,2,2,2,1,2.0,0.0,0.0,2.0
Ecuador,2018,2,2,2,1,2.0,0.0,0.0,2.0
Ecuador,2019,2,2,2,1,2.0,0.0,0.0,2.0
Ecuador,2020,2,2,2,1,2.0,0.0,0.0,2.0
Ecuador,2021,2,2,2,1,2.0,0.0,0.0,2.0
Ecuador,2022,2,2,2,1,2.0,0.0,0.0,2.0
Ecuador,2023,2,2,2,1,2.0,0.0,0.0,2.0
Ecuador,2024,3,3,2,1,3.0,0.0,0.0,3.0
Ecuador,2025,3,3,2,1,3.0,0.0,0.0,3.0
El Salvador,1998,2,2,0,0,2.0,0.0,0.0,2.0
El Salvador,1999,2,2,0,0,2.0,0.0,0.0,2.0
El Salvador,2000,2,2,0,0,2.0,0.0,0.0,2.0
El Salvador,2001,2,2,0,0,2.0,0.0,0.0,2.0
El Salvador,2002,2,2,0,0,2.0,0.0,0.0,2.0
El Salvador,2003,2,2,0,0,2.0,0.0,0.0,2.0
El Salvador,2004,2,2,0,0,2.0,0.0,0.0,2.0
El Salvador,2005,4,4,0,0,2.0,2.0,0.0,2.0
El Salvador,2006,4,4,0,0,2.0,2.0,0.0,2.0
El Salvador,2007,4,4,0,0,2.0,2.0,0.0,2.0
El Salvador,2008,4,4,0,0,2.0,2.0,0.0,2.0
El Salvador,2009,4,4,0,0,2.0,2.0,0.0,2.0
El Salvador,2010,4,4,0,0,2.0,2.0,0.0,2.0
El Salvador,2011,4,4,0,0,2.0,2.0,0.0,2.0
El Salvador,2012,4,4,0,0,2.0,2.0,0.0,2.0
El Salvador,2013,4,4,0,0,2.0,2.0,0.0,2.0
El Salvador,2014,4,4,0,0,2.0,2.0,0.0,2.0
El Salvador,2015,4,4,0,0,2.0,2.0,0.0,2.0
El Salvador,2016,4,4,0,0,2.0,2.0,0.0,2.0
El Salvador,2017,4,4,0,0,2.0,2.0,0.0,2.0
El Salvador,2018,4,4,0,0,2.0,2.0,0.0,2.0
El Salvador,2019,4,4,0,0,2.0,2.0,0.0,2.0
El Salvador,2020,4,4,0,0,2.0,2.0,0.0,2.0
El Salvador,2021,4,4,0,0,2.0,2.0,0.0,2.0
El Salvador,2022,4,4,0,0,2.0,2.0,0.0,2.0
El Salvador,2023,4,4,0,0,2.0,2.0,0.0,2.0
El Salvador,2024,4,4,0,0,2.0,2.0,0.0,2.0
El Salvador,2025,4,4,0,0,2.0,2.0,0.0,2.0
Estonia,2005,1,1,1,0,1.0,0.0,0.0,0.0
Estonia,2006,1,1,1,0,1.0,0.0,0.0,0.0
Estonia,2007,1,1,1,0,1.0,0.0,0.0,0.0
Estonia,2008,1,1,1,0,1.0,0.0,0.0,0.0
Estonia,2009,1,1,1,0,1.0,0.0,0.0,0.0
Estonia,2010,1,1,1,0,1.0,0.0,0.0,0.0
Estonia,2011,1,1,1,0,1.0,0.0,0.0,0.0
Estonia,2012,1,1,1,0,1.0,0.0,0.0,0.0
Estonia,2013,1,1,1,0,1.0,0.0,0.0,0.0
Estonia,2014,1,1,1,0,1.0,0.0,0.0,0.0
Estonia,2015,1,1,1,0,1.0,0.0,0.0,0.0
Estonia,2016,1,1,1,0,1.0,0.0,0.0,0.0
Estonia,2017,1,1,1,0,1.0,0.0,0.0,0.0
Estonia,2018,1,1,1,0,1.0,0.0,0.0,0.0
Estonia,2019,1,1,1,0,1.0,0.0,0.0,0.0
Estonia,2020,1,1,1,0,1.0,0.0,0.0,0.0
Estonia,2021,1,1,1,0,1.0,0.0,0.0,0.0
Estonia,2022,1,1,1,0,1.0,0.0,0.0,0.0
Estonia,2023,1,1,1,0,1.0,0.0,0.0,0.0
Estonia,2024,1,1,1,0,1.0,0.0,0.0,0.0
Estonia,2025,1,1,1,0,1.0,0.0,0.0,0.0
Ethiopia,1997,3,3,3,0,0.0,0.0,0.0,3.0
Ethiopia,1998,3,3,3,0,0.0,0.0,0.0,3.0
Ethiopia,1999,3,3,3,0,0.0,0.0,0.0,3.0
Ethiopia,2000,3,3,3,0,0.0,0.0,0.0,3.0
Ethiopia,2001,3,3,3,0,0.0,0.0,0.0,3.0
Ethiopia,2002,3,3,3,0,0.0,0.0,0.0,3.0
Ethiopia,2003,3,3,3,0,0.0,0.0,0.0,3.0
Ethiopia,2004,3,3,3,0,0.0,0.0,0.0,3.0
Ethiopia,2005,3,3,3,0,0.0,0.0,0.0,3.0
Ethiopia,2006,3,3,3,0,0.0,0.0,0.0,3.0
Ethiopia,2007,4,4,4,0,0.0,0.0,0.0,4.0
Ethiopia,2008,4,4,4,0,0.0,0.0,0.0,4.0
Ethiopia,2009,4,4,4,0,0.0,0.0,0.0,4.0
Ethiopia,2010,4,4,4,0,0.0,0.0,0.0,4.0
Ethiopia,2011,4,4,4,0,0.0,0.0,0.0,4.0
Ethiopia,2012,4,4,4,0,0.0,0.0,0.0,4.0
Ethiopia,2013,4,4,4,0,0.0,0.0,0.0,4.0
Ethiopia,2014,5,5,5,0,0.0,0.0,0.0,5.0
Ethiopia,2015,5,5,5,0,0.0,0.0,0.0,5.0
Ethiopia,2016,5,5,5,0,0.0,0.0,0.0,5.0
Ethiopia,2017,5,5,5,0,0.0,0.0,0.0,5.0
Ethiopia,2018,5,5,5,0,0.0,0.0,0.0,5.0
Ethiopia,2019,5,5,5,0,0.0,0.0,0.0,5.0
Ethiopia,2020,5,5,5,0,0.0,0.0,0.0,5.0
Ethiopia,2021,5,5,5,0,0.0,0.0,0.0,5.0
Ethiopia,2022,5,5,5,0,0.0,0.0,0.0,5.0
Ethiopia,2023,5,5,5,0,0.0,0.0,0.0,5.0
Ethiopia,2024,5,5,5,0,0.0,0.0,0.0,5.0
Ethiopia,2025,5,5,5,0,0.0,0.0,0.0,5.0
European Union,1999,1,1,1,0,0.0,0.0,0.0,1.0
European Union,2000,1,1,1,0,0.0,0.0,0.0,1.0
European Union,2001,3,3,2,0,0.0,0.0,0.0,3.0
European Union,2002,4,4,3,0,0.0,0.0,0.0,4.0
European Union,2003,7,7,6,0,0.0,0.0,0.0,7.0
European Union,2004,7,7,6,0,0.0,0.0,0.0,7.0
European Union,2005,9,9,8,0,0.0,0.0,0.0,9.0
European Union,2006,10,10,9,0,0.0,0.0,0.0,10.0
European Union,2007,11,11,10,0,0.0,1.0,0.0,10.0
European Union,2008,13,13,12,0,0.0,1.0,0.0,12.0
European Union,2009,22,22,21,0,0.0,1.0,0.0,21.0
European Union,2010,22,22,21,0,0.0,1.0,0.0,21.0
European Union,2011,23,23,22,0,0.0,1.0,0.0,22.0
European Union,2012,24,24,23,0,0.0,1.0,0.0,23.0
European Union,2013,31,31,30,0,5.0,1.0,0.0,28.0
European Union,2014,34,34,33,0,5.0,1.0,0.0,31.0
European Union,2015,34,34,33,0,5.0,1.0,0.0,31.0
European Union,2016,35,35,34,0,5.0,1.0,0.0,32.0
European Union,2017,36,36,35,0,5.0,1.0,0.0,33.0
European Union,2018,43,43,42,0,7.0,1.0,0.0,40.0
European Union,2019,50,50,48,0,7.0,1.0,0.0,47.0
European Union,2020,61,61,59,1,14.0,1.0,0.0,58.0
European Union,2021,69,69,67,4,19.0,2.0,1.0,66.0
European Union,2022,71,71,69,4,20.0,2.0,1.0,68.0
European Union,2023,74,74,72,4,20.0,2.0,1.0,71.0
European Union,2024,83,83,81,4,22.0,2.0,1.0,80.0
European Union,2025,83,83,81,4,22.0,2.0,1.0,80.0
Fiji,1998,1,1,1,0,1.0,1.0,0.0,0.0
Fiji,1999,1,1,1,0,1.0,1.0,0.0,0.0
Fiji,2000,1,1,1,0,1.0,1.0,0.0,0.0
Fiji,2001,1,1,1,0,1.0,1.0,0.0,0.0
Fiji,2002,1,1,1,0,1.0,1.0,0.0,0.0
Fiji,2003,1,1,1,0,1.0,1.0,0.0,0.0
Fiji,2004,1,1,1,0,1.0,1.0,0.0,0.0
Fiji,2005,1,1,1,0,1.0,1.0,0.0,0.0
Fiji,2006,1,1,1,0,1.0,1.0,0.0,0.0
Fiji,2007,1,1,1,0,1.0,1.0,0.0,0.0
Fiji,2008,1,1,1,0,1.0,1.0,0.0,0.0
Fiji,2009,1,1,1,0,1.0,1.0,0.0,0.0
Fiji,2010,1,1,1,0,1.0,1.0,0.0,0.0
Fiji,2011,1,1,1,0,1.0,1.0,0.0,0.0
Fiji,2012,1,1,1,0,1.0,1.0,0.0,0.0
Fiji,2013,1,1,1,0,1.0,1.0,0.0,0.0
Fiji,2014,1,1,1,0,1.0,1.0,0.0,0.0
Fiji,2015,1,1,1,0,1.0,1.0,0.0,0.0
Fiji,2016,3,3,3,0,3.0,1.0,0.0,0.0
Fiji,2017,3,3,3,0,3.0,1.0,0.0,0.0
Fiji,2018,3,3,3,0,3.0,1.0,0.0,0.0
Fiji,2019,5,5,4,0,5.0,3.0,0.0,0.0
Fiji,2020,5,5,4,0,5.0,3.0,0.0,0.0
Fiji,2021,6,6,5,0,6.0,4.0,1.0,1.0
Fiji,2022,7,7,5,0,6.0,4.0,1.0,2.0
Fiji,2023,7,7,5,0,6.0,4.0,1.0,2.0
Fiji,2024,7,7,5,0,6.0,4.0,1.0,2.0
Fiji,2025,7,7,5,0,6.0,4.0,1.0,2.0
Finland,2015,4,4,1,0,4.0,0.0,0.0,4.0
Finland,2016,4,4,1,0,4.0,0.0,0.0,4.0
Finland,2017,4,4,1,0,4.0,0.0,0.0,4.0
Finland,2018,5,5,1,0,4.0,0.0,0.0,5.0
Finland,2019,5,5,1,0,4.0,0.0,0.0,5.0
Finland,2020,5,5,1,0,4.0,0.0,0.0,5.0
Finland,2021,5,5,1,0,4.0,0.0,0.0,5.0
Finland,2022,5,5,1,0,4.0,0.0,0.0,5.0
Finland,2023,7,7,1,0,5.0,0.0,0.0,7.0
Finland,2024,7,7,1,0,5.0,0.0,0.0,7.0
Finland,2025,7,7,1,0,5.0,0.0,0.0,7.0
France,2017,1,1,1,0,0.0,0.0,0.0,1.0
France,2018,1,1,1,0,0.0,0.0,0.0,1.0
France,2019,1,1,1,0,0.0,0.0,0.0,1.0
France,2020,1,1,1,0,0.0,0.0,0.0,1.0
France,2021,1,1,1,0,0.0,0.0,0.0,1.0
France,2022,2,2,1,0,0.0,0.0,0.0,2.0
France,2023,3,3,2,0,0.0,0.0,0.0,3.0
France,2024,3,3,2,0,0.0,0.0,0.0,3.0
France,2025,3,3,2,0,0.0,0.0,0.0,3.0
Gabon,2021,3,3,2,0,3.0,0.0,0.0,3.0
Gabon,2022,3,3,2,0,3.0,0.0,0.0,3.0
Gabon,2023,3,3,2,0,3.0,0.0,0.0,3.0
Gabon,2024,3,3,2,0,3.0,0.0,0.0,3.0
Gabon,2025,3,3,2,0,3.0,0.0,0.0,3.0
Georgia,2014,1,1,1,0,1.0,0.0,0.0,1.0
Georgia,2015,1,1,1,0,1.0,0.0,0.0,1.0
Georgia,2016,3,3,3,0,2.0,0.0,0.0,3.0
Georgia,2017,3,3,3,0,2.0,0.0,0.0,3.0
Georgia,2018,3,3,3,0,2.0,0.0,0.0,3.0
Georgia,2019,4,4,4,0,2.0,0.0,0.0,4.0
Georgia,2020,9,9,9,0,3.0,0.0,0.0,9.0
Georgia,2021,11,11,10,0,4.0,0.0,0.0,11.0
Georgia,2022,11,11,10,0,4.0,0.0,0.0,11.0
Georgia,2023,11,11,10,0,4.0,0.0,0.0,11.0
Georgia,2024,11,11,10,0,4.0,0.0,0.0,11.0
Georgia,2025,11,11,10,0,4.0,0.0,0.0,11.0
Germany,1975,1,1,0,0,0.0,0.0,0.0,1.0
Germany,1976,1,1,0,0,0.0,0.0,0.0,1.0
Germany,1977,1,1,0,0,0.0,0.0,0.0,1.0
Germany,1978,1,1,0,0,0.0,0.0,0.0,1.0
Germany,1979,1,1,0,0,0.0,0.0,0.0,1.0
Germany,1980,1,1,0,0,0.0,0.0,0.0,1.0
Germany,1981,1,1,0,0,0.0,0.0,0.0,1.0
Germany,1982,1,1,0,0,0.0,0.0,0.0,1.0
Germany,1983,1,1,0,0,0.0,0.0,0.0,1.0
Germany,1984,1,1,0,0,0.0,0.0,0.0,1.0
Germany,1985,1,1,0,0,0.0,0.0,0.0,1.0
Germany,1986,1,1,0,0,0.0,0.0,0.0,1.0
Germany,1987,1,1,0,0,0.0,0.0,0.0,1.0
Germany,1988,1,1,0,0,0.0,0.0,0.0,1.0
Germany,1989,1,1,0,0,0.0,0.0,0.0,1.0
Germany,1990,3,3,0,0,0.0,0.0,0.0,3.0
Germany,1991,3,3,0,0,0.0,0.0,0.0,3.0
Germany,1992,3,3,0,0,0.0,0.0,0.0,3.0
Germany,1993,3,3,0,0,0.0,0.0,0.0,3.0
Germany,1994,3,3,0,0,0.0,0.0,0.0,3.0
Germany,1995,3,3,0,0,0.0,0.0,0.0,3.0
Germany,1996,3,3,0,0,0.0,0.0,0.0,3.0
Germany,1997,3,3,0,0,0.0,0.0,0.0,3.0
Germany,1998,3,3,0,0,0.0,0.0,0.0,3.0
Germany,1999,3,3,0,0,0.0,0.0,0.0,3.0
Germany,2000,8,8,0,0,0.0,0.0,0.0,8.0
Germany,2001,8,8,0,0,0.0,0.0,0.0,8.0
Germany,2002,8,8,0,0,0.0,0.0,0.0,8.0
Germany,2003,8,8,0,0,0.0,0.0,0.0,8.0
Germany,2004,8,8,0,0,0.0,0.0,0.0,8.0
Germany,2005,10,10,0,0,0.0,0.0,0.0,10.0
Germany,2006,10,10,0,0,0.0,0.0,0.0,10.0
Germany,2007,10,10,0,0,0.0,0.0,0.0,10.0
Germany,2008,12,12,0,0,2.0,0.0,0.0,12.0
Germany,2009,13,13,0,0,2.0,0.0,0.0,13.0
Germany,2010,13,13,0,0,2.0,0.0,0.0,13.0
Germany,2011,13,13,0,0,2.0,0.0,0.0,13.0
Germany,2012,15,15,1,0,2.0,0.0,0.0,15.0
Germany,2013,15,15,1,0,2.0,0.0,0.0,15.0
Germany,2014,15,15,1,0,2.0,0.0,0.0,15.0
Germany,2015,16,16,1,0,2.0,0.0,0.0,16.0
Germany,2016,17,17,2,0,2.0,0.0,0.0,17.0
Germany,2017,21,21,2,0,2.0,0.0,0.0,21.0
Germany,2018,21,21,2,0,2.0,0.0,0.0,21.0
Germany,2019,29,29,3,0,2.0,0.0,0.0,29.0
Germany,2020,33,33,3,0,2.0,0.0,0.0,33.0
Germany,2021,37,37,3,0,2.0,0.0,0.0,36.0
Germany,2022,40,40,3,0,2.0,0.0,0.0,39.0
Germany,2023,44,44,3,0,3.0,0.0,0.0,43.0
Germany,2024,44,44,3,0,3.0,0.0,0.0,43.0
Germany,2025,44,44,3,0,3.0,0.0,0.0,43.0
Ghana,2007,2,2,1,0,0.0,0.0,0.0,2.0
Ghana,2008,2,2,1,0,0.0,0.0,0.0,2.0
Ghana,2009,2,2,1,0,0.0,0.0,0.0,2.0
Ghana,2010,2,2,1,0,0.0,0.0,0.0,2.0
Ghana,2011,3,3,1,0,0.0,0.0,0.0,3.0
Ghana,2012,3,3,1,0,0.0,0.0,0.0,3.0
Ghana,2013,3,3,1,0,0.0,0.0,0.0,3.0
Ghana,2014,3,3,1,0,0.0,0.0,0.0,3.0
Ghana,2015,3,3,1,0,0.0,0.0,0.0,3.0
Ghana,2016,3,3,1,0,0.0,0.0,0.0,3.0
Ghana,2017,3,3,1,0,0.0,0.0,0.0,3.0
Ghana,2018,3,3,1,0,0.0,0.0,0.0,3.0
Ghana,2019,3,3,1,0,0.0,0.0,0.0,3.0
Ghana,2020,3,3,1,0,0.0,0.0,0.0,3.0
Ghana,2021,3,3,1,0,0.0,0.0,0.0,3.0
Ghana,2022,3,3,1,0,0.0,0.0,0.0,3.0
Ghana,2023,3,3,1,0,0.0,0.0,0.0,3.0
Ghana,2024,3,3,1,0,0.0,0.0,0.0,3.0
Ghana,2025,4,4,1,0,1.0,1.0,1.0,4.0
Greece,2020,1,1,0,0,0.0,0.0,0.0,1.0
Greece,2021,1,1,0,0,0.0,0.0,0.0,1.0
Greece,2022,3,3,0,0,2.0,0.0,0.0,3.0
Greece,2023,4,4,0,0,3.0,0.0,0.0,4.0
Greece,2024,6,6,0,0,4.0,1.0,0.0,5.0
Greece,2025,6,6,0,0,4.0,1.0,0.0,5.0
Guinea,2019,1,1,1,0,1.0,0.0,0.0,1.0
Guinea,2020,1,1,1,0,1.0,0.0,0.0,1.0
Guinea,2021,1,1,1,0,1.0,0.0,0.0,1.0
Guinea,2022,1,1,1,0,1.0,0.0,0.0,1.0
Guinea,2023,1,1,1,0,1.0,0.0,0.0,1.0
Guinea,2024,1,1,1,0,1.0,0.0,0.0,1.0
Guinea,2025,1,1,1,0,1.0,0.0,0.0,1.0
Guyana,1996,1,1,1,0,0.0,0.0,0.0,1.0
Guyana,1997,1,1,1,0,0.0,0.0,0.0,1.0
Guyana,1998,1,1,1,0,0.0,0.0,0.0,1.0
Guyana,1999,1,1,1,0,0.0,0.0,0.0,1.0
Guyana,2000,1,1,1,0,0.0,0.0,0.0,1.0
Guyana,2001,1,1,1,0,0.0,0.0,0.0,1.0
Guyana,2002,1,1,1,0,0.0,0.0,0.0,1.0
Guyana,2003,1,1,1,0,0.0,0.0,0.0,1.0
Guyana,2004,1,1,1,0,0.0,0.0,0.0,1.0
Guyana,2005,1,1,1,0,0.0,0.0,0.0,1.0
Guyana,2006,1,1,1,0,0.0,0.0,0.0,1.0
Guyana,2007,1,1,1,0,0.0,0.0,0.0,1.0
Guyana,2008,1,1,1,0,0.0,0.0,0.0,1.0
Guyana,2009,1,1,1,0,0.0,0.0,0.0,1.0
Guyana,2010,1,1,1,0,0.0,0.0,0.0,1.0
Guyana,2011,1,1,1,0,0.0,0.0,0.0,1.0
Guyana,2012,1,1,1,0,0.0,0.0,0.0,1.0
Guyana,2013,1,1,1,0,0.0,0.0,0.0,1.0
Guyana,2014,1,1,1,0,0.0,0.0,0.0,1.0
Guyana,2015,1,1,1,0,0.0,0.0,0.0,1.0
Guyana,2016,1,1,1,0,0.0,0.0,0.0,1.0
Guyana,2017,1,1,1,0,0.0,0.0,0.0,1.0
Guyana,2018,1,1,1,0,0.0,0.0,0.0,1.0
Guyana,2019,1,1,1,0,0.0,0.0,0.0,1.0
Guyana,2020,1,1,1,0,0.0,0.0,0.0,1.0
Guyana,2021,1,1,1,0,0.0,0.0,0.0,1.0
Guyana,2022,1,1,1,0,0.0,0.0,0.0,1.0
Guyana,2023,1,1,1,0,0.0,0.0,0.0,1.0
Guyana,2024,1,1,1,0,0.0,0.0,0.0,1.0
Guyana,2025,1,1,1,0,0.0,0.0,0.0,1.0
Honduras,2023,1,1,0,0,0.0,0.0,0.0,1.0
Honduras,2024,1,1,0,0,0.0,0.0,0.0,1.0
Honduras,2025,1,1,0,0,0.0,0.0,0.0,1.0
Hungary,2008,1,1,1,0,1.0,0.0,0.0,0.0
Hungary,2009,1,1,1,0,1.0,0.0,0.0,0.0
Hungary,2010,1,1,1,0,1.0,0.0,0.0,0.0
Hungary,2011,4,4,1,0,3.0,2.0,1.0,1.0
Hungary,2012,4,4,1,0,3.0,2.0,1.0,1.0
Hungary,2013,4,4,1,0,3.0,2.0,1.0,1.0
Hungary,2014,4,4,1,0,3.0,2.0,1.0,1.0
Hungary,2015,5,5,1,0,3.0,2.0,1.0,2.0
Hungary,2016,5,5,1,0,3.0,2.0,1.0,2.0
Hungary,2017,5,5,1,0,3.0,2.0,1.0,2.0
Hungary,2018,5,5,1,0,3.0,2.0,1.0,2.0
Hungary,2019,5,5,1,0,3.0,2.0,1.0,2.0
Hungary,2020,6,6,1,0,3.0,2.0,1.0,3.0
Hungary,2021,6,6,1,0,3.0,2.0,1.0,3.0
Hungary,2022,6,6,1,0,3.0,2.0,1.0,3.0
Hungary,2023,7,7,1,0,3.0,2.0,1.0,3.0
Hungary,2024,7,7,1,0,3.0,2.0,1.0,3.0
Hungary,2025,7,7,1,0,3.0,2.0,1.0,3.0
Iceland,2012,1,1,0,0,1.0,0.0,0.0,1.0
Iceland,2013,1,1,0,0,1.0,0.0,0.0,1.0
Iceland,2014,1,1,0,0,1.0,0.0,0.0,1.0
Iceland,2015,1,1,0,0,1.0,0.0,0.0,1.0
Iceland,2016,1,1,0,0,1.0,0.0,0.0,1.0
Iceland,2017,1,1,0,0,1.0,0.0,0.0,1.0
Iceland,2018,1,1,0,0,1.0,0.0,0.0,1.0
Iceland,2019,1,1,0,0,1.0,0.0,0.0,1.0
Iceland,2020,1,1,0,0,1.0,0.0,0.0,1.0
Iceland,2021,1,1,0,0,1.0,0.0,0.0,1.0
Iceland,2022,1,1,0,0,1.0,0.0,0.0,1.0
Iceland,2023,1,1,0,0,1.0,0.0,0.0,1.0
Iceland,2024,1,1,0,0,1.0,0.0,0.0,1.0
Iceland,2025,1,1,0,0,1.0,0.0,0.0,1.0
India,2006,1,1,1,0,0.0,0.0,0.0,1.0
India,2007,2,2,2,0,0.0,0.0,0.0,2.0
India,2008,2,2,2,0,0.0,0.0,0.0,2.0
India,2009,2,2,2,0,0.0,0.0,0.0,2.0
India,2010,2,2,2,0,0.0,0.0,0.0,2.0
India,2011,2,2,2,0,0.0,0.0,0.0,2.0
India,2012,2,2,2,0,0.0,0.0,0.0,2.0
India,2013,2,2,2,0,0.0,0.0,0.0,2.0
India,2014,2,2,2,0,0.0,0.0,0.0,2.0
India,2015,2,2,2,0,0.0,0.0,0.0,2.0
India,2016,4,4,2,0,0.0,0.0,0.0,4.0
India,2017,4,4,2,0,0.0,0.0,0.0,4.0
India,2018,4,4,2,0,0.0,0.0,0.0,4.0
India,2019,4,4,2,0,0.0,0.0,0.0,4.0
India,2020,5,5,2,0,0.0,0.0,0.0,5.0
India,2021,5,5,2,0,0.0,0.0,0.0,5.0
India,2022,5,5,2,0,0.0,0.0,0.0,5.0
India,2023,6,6,2,0,0.0,0.0,0.0,6.0
India,2024,6,6,2,0,0.0,0.0,0.0,6.0
India,2025,6,6,2,0,0.0,0.0,0.0,6.0
Indonesia,2001,1,1,0,0,0.0,0.0,0.0,1.0
Indonesia,2002,1,1,0,0,0.0,0.0,0.0,1.0
Indonesia,2003,2,2,1,0,0.0,0.0,0.0,1.0
Indonesia,2004,2,2,1,0,0.0,0.0,0.0,1.0
Indonesia,2005,2,2,1,0,0.0,0.0,0.0,1.0
Indonesia,2006,2,2,1,0,0.0,0.0,0.0,1.0
Indonesia,2007,3,3,1,0,0.0,0.0,0.0,2.0
Indonesia,2008,4,4,2,0,0.0,0.0,0.0,3.0
Indonesia,2009,6,6,4,0,2.0,0.0,0.0,3.0
Indonesia,2010,7,7,4,0,2.0,0.0,0.0,4.0
Indonesia,2011,7,7,4,0,2.0,0.0,0.0,4.0
Indonesia,2012,7,7,4,0,2.0,0.0,0.0,4.0
Indonesia,2013,7,7,4,0,2.0,0.0,0.0,4.0
Indonesia,2014,7,7,4,0,2.0,0.0,0.0,4.0
Indonesia,2015,7,7,4,0,2.0,0.0,0.0,4.0
Indonesia,2016,7,7,4,0,2.0,0.0,0.0,4.0
Indonesia,2017,7,7,4,0,2.0,0.0,0.0,4.0
Indonesia,2018,7,7,4,0,2.0,0.0,0.0,4.0
Indonesia,2019,8,8,4,0,3.0,0.0,0.0,5.0
Indonesia,2020,9,9,4,0,3.0,0.0,0.0,6.0
Indonesia,2021,9,9,4,0,3.0,0.0,0.0,6.0
Indonesia,2022,9,9,4,0,3.0,0.0,0.0,6.0
Indonesia,2023,10,10,4,0,3.0,0.0,0.0,7.0
Indonesia,2024,10,10,4,0,3.0,0.0,0.0,7.0
Indonesia,2025,10,10,4,0,3.0,0.0,0.0,7.0
Iran,2010,1,1,1,0,0.0,0.0,0.0,1.0
Iran,2011,1,1,1,0,0.0,0.0,0.0,1.0
Iran,2012,1,1,1,0,0.0,0.0,0.0,1.0
Iran,2013,1,1,1,0,0.0,0.0,0.0,1.0
Iran,2014,1,1,1,0,0.0,0.0,0.0,1.0
Iran,2015,1,1,1,0,0.0,0.0,0.0,1.0
Iran,2016,1,1,1,0,0.0,0.0,0.0,1.0
Iran,2017,1,1,1,0,0.0,0.0,0.0,1.0
Iran,2018,1,1,1,0,0.0,0.0,0.0,1.0
Iran,2019,1,1,1,0,0.0,0.0,0.0,1.0
Iran,2020,1,1,1,0,0.0,0.0,0.0,1.0
Iran,2021,1,1,1,0,0.0,0.0,0.0,1.0
Iran,2022,1,1,1,0,0.0,0.0,0.0,1.0
Iran,2023,1,1,1,0,0.0,0.0,0.0,1.0
Iran,2024,1,1,1,0,0.0,0.0,0.0,1.0
Iran,2025,1,1,1,0,0.0,0.0,0.0,1.0
Ireland,2015,4,4,4,0,4.0,0.0,0.0,4.0
Ireland,2016,4,4,4,0,4.0,0.0,0.0,4.0
Ireland,2017,6,6,5,0,4.0,0.0,0.0,6.0
Ireland,2018,6,6,5,0,4.0,0.0,0.0,6.0
Ireland,2019,6,6,5,0,4.0,0.0,0.0,6.0
Ireland,2020,8,8,6,0,4.0,0.0,0.0,8.0
Ireland,2021,9,9,7,0,5.0,0.0,0.0,8.0
Ireland,2022,9,9,7,0,5.0,0.0,0.0,8.0
Ireland,2023,9,9,7,0,5.0,0.0,0.0,8.0
Ireland,2024,10,10,8,0,6.0,0.0,0.0,9.0
Ireland,2025,10,10,8,0,6.0,0.0,0.0,9.0
Italy,2015,1,1,1,0,0.0,0.0,0.0,1.0
Italy,2016,1,1,1,0,0.0,0.0,0.0,1.0
Italy,2017,1,1,1,0,0.0,0.0,0.0,1.0
Italy,2018,1,1,1,0,0.0,0.0,0.0,1.0
Italy,2019,3,3,1,0,0.0,0.0,0.0,3.0
Italy,2020,8,8,2,0,0.0,0.0,0.0,8.0
Italy,2021,8,8,2,0,0.0,0.0,0.0,8.0
Italy,2022,10,10,2,0,0.0,0.0,0.0,10.0
Italy,2023,10,10,2,0,0.0,0.0,0.0,10.0
Italy,2024,10,10,2,0,0.0,0.0,0.0,10.0
Italy,2025,10,10,2,0,0.0,0.0,0.0,10.0
Japan,1947,2,2,2,0,2.0,2.0,0.0,0.0
Japan,1948,2,2,2,0,2.0,2.0,0.0,0.0
Japan,1949,2,2,2,0,2.0,2.0,0.0,0.0
Japan,1950,2,2,2,0,2.0,2.0,0.0,0.0
Japan,1951,2,2,2,0,2.0,2.0,0.0,0.0
Japan,1952,2,2,2,0,2.0,2.0,0.0,0.0
Japan,1953,2,2,2,0,2.0,2.0,0.0,0.0
Japan,1954,2,2,2,0,2.0,2.0,0.0,0.0
Japan,1955,2,2,2,0,2.0,2.0,0.0,0.0
Japan,1956,2,2,2,0,2.0,2.0,0.0,0.0
Japan,1957,2,2,2,0,2.0,2.0,0.0,0.0
Japan,1958,2,2,2,0,2.0,2.0,0.0,0.0
Japan,1959,2,2,2,0,2.0,2.0,0.0,0.0
Japan,1960,2,2,2,0,2.0,2.0,0.0,0.0
Japan,1961,4,4,4,0,4.0,4.0,0.0,0.0
Japan,1962,4,4,4,0,4.0,4.0,0.0,0.0
Japan,1963,4,4,4,0,4.0,4.0,0.0,0.0
Japan,1964,4,4,4,0,4.0,4.0,0.0,0.0
Japan,1965,4,4,4,0,4.0,4.0,0.0,0.0
Japan,1966,4,4,4,0,4.0,4.0,0.0,0.0
Japan,1967,4,4,4,0,4.0,4.0,0.0,0.0
Japan,1968,4,4,4,0,4.0,4.0,0.0,0.0
Japan,1969,4,4,4,0,4.0,4.0,0.0,0.0
Japan,1970,4,4,4,0,4.0,4.0,0.0,0.0
Japan,1971,4,4,4,0,4.0,4.0,0.0,0.0
Japan,1972,4,4,4,0,4.0,4.0,0.0,0.0
Japan,1973,4,4,4,0,4.0,4.0,0.0,0.0
Japan,1974,4,4,4,0,4.0,4.0,0.0,0.0
Japan,1975,4,4,4,0,4.0,4.0,0.0,0.0
Japan,1976,4,4,4,0,4.0,4.0,0.0,0.0
Japan,1977,4,4,4,0,4.0,4.0,0.0,0.0
Japan,1978,4,4,4,0,4.0,4.0,0.0,0.0
Japan,1979,4,4,4,0,4.0,4.0,0.0,0.0
Japan,1980,4,4,4,0,4.0,4.0,0.0,0.0
Japan,1981,4,4,4,0,4.0,4.0,0.0,0.0
Japan,1982,4,4,4,0,4.0,4.0,0.0,0.0
Japan,1983,4,4,4,0,4.0,4.0,0.0,0.0
Japan,1984,4,4,4,0,4.0,4.0,0.0,0.0
Japan,1985,4,4,4,0,4.0,4.0,0.0,0.0
Japan,1986,4,4,4,0,4.0,4.0,0.0,0.0
Japan,1987,4,4,4,0,4.0,4.0,0.0,0.0
Japan,1988,4,4,4,0,4.0,4.0,0.0,0.0
Japan,1989,4,4,4,0,4.0,4.0,0.0,0.0
Japan,1990,4,4,4,0,4.0,4.0,0.0,0.0
Japan,1991,4,4,4,0,4.0,4.0,0.0,0.0
Japan,1992,4,4,4,0,4.0,4.0,0.0,0.0
Japan,1993,4,4,4,0,4.0,4.0,0.0,0.0
Japan,1994,4,4,4,0,4.0,4.0,0.0,0.0
Japan,1995,4,4,4,0,4.0,4.0,0.0,0.0
Japan,1996,4,4,4,0,4.0,4.0,0.0,0.0
Japan,1997,4,4,4,0,4.0,4.0,0.0,0.0
Japan,1998,5,5,5,0,4.0,4.0,0.0,1.0
Japan,1999,5,5,5,0,4.0,4.0,0.0,1.0
Japan,2000,5,5,5,0,4.0,4.0,0.0,1.0
Japan,2001,5,5,5,0,4.0,4.0,0.0,1.0
Japan,2002,6,6,6,0,4.0,4.0,0.0,2.0
Japan,2003,6,6,6,0,4.0,4.0,0.0,2.0
Japan,2004,6,6,6,0,4.0,4.0,0.0,2.0
Japan,2005,6,6,6,0,4.0,4.0,0.0,2.0
Japan,2006,6,6,6,0,4.0,4.0,0.0,2.0
Japan,2007,9,9,8,0,4.0,4.0,0.0,5.0
Japan,2008,9,9,8,0,4.0,4.0,0.0,5.0
Japan,2009,9,9,8,0,4.0,4.0,0.0,5.0
Japan,2010,9,9,8,0,4.0,4.0,0.0,5.0
Japan,2011,9,9,8,0,4.0,4.0,0.0,5.0
Japan,2012,9,9,8,0,4.0,4.0,0.0,5.0
Japan,2013,10,10,9,0,5.0,5.0,0.0,5.0
Japan,2014,12,12,10,0,5.0,5.0,0.0,7.0
Japan,2015,14,14,11,0,5.0,5.0,0.0,9.0
Japan,2016,14,14,11,0,5.0,5.0,0.0,9.0
Japan,2017,14,14,11,0,5.0,5.0,0.0,9.0
Japan,2018,15,15,12,0,5.0,5.0,0.0,10.0
Japan,2019,15,15,12,0,5.0,5.0,0.0,10.0
Japan,2020,16,16,12,0,6.0,5.0,0.0,11.0
Japan,2021,16,16,12,0,6.0,5.0,0.0,11.0
Japan,2022,16,16,12,0,6.0,5.0,0.0,11.0
Japan,2023,16,16,12,0,6.0,5.0,0.0,11.0
Japan,2024,17,17,12,0,6.0,5.0,0.0,12.0
Japan,2025,17,17,12,0,6.0,5.0,0.0,12.0
Kazakhstan,2021,1,1,1,0,,,,
Kazakhstan,2022,1,1,1,0,,,,
Kazakhstan,2023,1,1,1,0,,,,
Kazakhstan,2024,1,1,1,0,,,,
Kazakhstan,2025,1,1,1,0,,,,
Kenya,2006,1,1,1,0,0.0,0.0,0.0,1.0
Kenya,2007,1,1,1,0,0.0,0.0,0.0,1.0
Kenya,2008,1,1,1,0,0.0,0.0,0.0,1.0
Kenya,2009,1,1,1,0,0.0,0.0,0.0,1.0
Kenya,2010,1,1,1,0,0.0,0.0,0.0,1.0
Kenya,2011,1,1,1,0,0.0,0.0,0.0,1.0
Kenya,2012,1,1,1,0,0.0,0.0,0.0,1.0
Kenya,2013,1,1,1,0,0.0,0.0,0.0,1.0
Kenya,2014,1,1,1,0,0.0,0.0,0.0,1.0
Kenya,2015,2,2,2,0,0.0,1.0,0.0,2.0
Kenya,2016,3,3,3,0,1.0,2.0,0.0,3.0
Kenya,2017,3,3,3,0,1.0,2.0,0.0,3.0
Kenya,2018,3,3,3,0,1.0,2.0,0.0,3.0
Kenya,2019,4,4,4,0,1.0,2.0,0.0,3.0
Kenya,2020,4,4,4,0,1.0,2.0,0.0,3.0
Kenya,2021,4,4,4,0,1.0,2.0,0.0,3.0
Kenya,2022,4,4,4,0,1.0,2.0,0.0,3.0
Kenya,2023,5,5,5,0,1.0,2.0,0.0,4.0
Kenya,2024,6,6,6,0,1.0,2.0,0.0,5.0
Kenya,2025,6,6,6,0,1.0,2.0,0.0,5.0
Kiribati,2022,1,1,1,0,0.0,0.0,0.0,1.0
Kiribati,2023,1,1,1,0,0.0,0.0,0.0,1.0
Kiribati,2024,1,1,1,0,0.0,0.0,0.0,1.0
Kiribati,2025,1,1,1,0,0.0,0.0,0.0,1.0
Kosovo,2016,1,1,0,0,,,,
Kosovo,2017,1,1,0,0,,,,
Kosovo,2018,2,2,0,0,,,,
Kosovo,2019,2,2,0,0,,,,
Kosovo,2020,2,2,0,0,,,,
Kosovo,2021,2,2,0,0,,,,
Kosovo,2022,3,3,0,0,0.0,0.0,0.0,1.0
Kosovo,2023,3,3,0,0,0.0,0.0,0.0,1.0
Kosovo,2024,3,3,0,0,0.0,0.0,0.0,1.0
Kosovo,2025,3,3,0,0,0.0,0.0,0.0,1.0
Kyrgyzstan,2007,1,1,0,0,0.0,0.0,0.0,1.0
Kyrgyzstan,2008,1,1,0,0,0.0,0.0,0.0,1.0
Kyrgyzstan,2009,1,1,0,0,0.0,0.0,0.0,1.0
Kyrgyzstan,2010,1,1,0,0,0.0,0.0,0.0,1.0
Kyrgyzstan,2011,1,1,0,0,0.0,0.0,0.0,1.0
Kyrgyzstan,2012,1,1,0,0,0.0,0.0,0.0,1.0
Kyrgyzstan,2013,1,1,0,0,0.0,0.0,0.0,1.0
Kyrgyzstan,2014,1,1,0,0,0.0,0.0,0.0,1.0
Kyrgyzstan,2015,1,1,0,0,0.0,0.0,0.0,1.0
Kyrgyzstan,2016,1,1,0,0,0.0,0.0,0.0,1.0
Kyrgyzstan,2017,1,1,0,0,0.0,0.0,0.0,1.0
Kyrgyzstan,2018,1,1,0,0,0.0,0.0,0.0,1.0
Kyrgyzstan,2019,1,1,0,0,0.0,0.0,0.0,1.0
Kyrgyzstan,2020,1,1,0,0,0.0,0.0,0.0,1.0
Kyrgyzstan,2021,1,1,0,0,0.0,0.0,0.0,1.0
Kyrgyzstan,2022,1,1,0,0,0.0,0.0,0.0,1.0
Kyrgyzstan,2023,1,1,0,0,0.0,0.0,0.0,1.0
Kyrgyzstan,2024,1,1,0,0,0.0,0.0,0.0,1.0
Kyrgyzstan,2025,1,1,0,0,0.0,0.0,0.0,1.0
Latvia,2005,1,1,1,0,1.0,0.0,0.0,0.0
Latvia,2006,1,1,1,0,1.0,0.0,0.0,0.0
Latvia,2007,1,1,1,0,1.0,0.0,0.0,0.0
Latvia,2008,1,1,1,0,1.0,0.0,0.0,0.0
Latvia,2009,1,1,1,0,1.0,0.0,0.0,0.0
Latvia,2010,1,1,1,0,1.0,0.0,0.0,0.0
Latvia,2011,1,1,1,0,1.0,0.0,0.0,0.0
Latvia,2012,1,1,1,0,1.0,0.0,0.0,0.0
Latvia,2013,1,1,1,0,1.0,0.0,0.0,0.0
Latvia,2014,1,1,1,0,1.0,0.0,0.0,0.0
Latvia,2015,1,1,1,0,1.0,0.0,0.0,0.0
Latvia,2016,1,1,1,0,1.0,0.0,0.0,0.0
Latvia,2017,1,1,1,0,1.0,0.0,0.0,0.0
Latvia,2018,1,1,1,0,1.0,0.0,0.0,0.0
Latvia,2019,1,1,1,0,1.0,0.0,0.0,0.0
Latvia,2020,1,1,1,0,1.0,0.0,0.0,0.0
Latvia,2021,1,1,1,0,1.0,0.0,0.0,0.0
Latvia,2022,1,1,1,0,1.0,0.0,0.0,0.0
Latvia,2023,1,1,1,0,1.0,0.0,0.0,0.0
Latvia,2024,1,1,1,0,1.0,0.0,0.0,0.0
Latvia,2025,1,1,1,0,1.0,0.0,0.0,0.0
Luxembourg,1999,1,1,1,0,1.0,0.0,0.0,1.0
Luxembourg,2000,1,1,1,0,1.0,0.0,0.0,1.0
Luxembourg,2001,1,1,1,0,1.0,0.0,0.0,1.0
Luxembourg,2002,1,1,1,0,1.0,0.0,0.0,1.0
Luxembourg,2003,1,1,1,0,1.0,0.0,0.0,1.0
Luxembourg,2004,1,1,1,0,1.0,0.0,0.0,1.0
Luxembourg,2005,1,1,1,0,1.0,0.0,0.0,1.0
Luxembourg,2006,1,1,1,0,1.0,0.0,0.0,1.0
Luxembourg,2007,1,1,1,0,1.0,0.0,0.0,1.0
Luxembourg,2008,1,1,1,0,1.0,0.0,0.0,1.0
Luxembourg,2009,1,1,1,0,1.0,0.0,0.0,1.0
Luxembourg,2010,1,1,1,0,1.0,0.0,0.0,1.0
Luxembourg,2011,1,1,1,0,1.0,0.0,0.0,1.0
Luxembourg,2012,6,6,3,0,1.0,0.0,0.0,6.0
Luxembourg,2013,6,6,3,0,1.0,0.0,0.0,6.0
Luxembourg,2014,6,6,3,0,1.0,0.0,0.0,6.0
Luxembourg,2015,9,9,3,0,1.0,0.0,0.0,9.0
Luxembourg,2016,12,12,6,0,2.0,0.0,0.0,11.0
Luxembourg,2017,14,14,8,0,2.0,0.0,0.0,13.0
Luxembourg,2018,14,14,8,0,2.0,0.0,0.0,13.0
Luxembourg,2019,14,14,8,0,2.0,0.0,0.0,13.0
Luxembourg,2020,14,14,8,0,2.0,0.0,0.0,13.0
Luxembourg,2021,14,14,8,0,2.0,0.0,0.0,13.0
Luxembourg,2022,14,14,8,0,2.0,0.0,0.0,13.0
Luxembourg,2023,14,14,8,0,2.0,0.0,0.0,13.0
Luxembourg,2024,14,14,8,0,2.0,0.0,0.0,13.0
Luxembourg,2025,14,14,8,0,2.0,0.0,0.0,13.0
Malta,2005,2,2,0,0,0.0,0.0,0.0,2.0
Malta,2006,2,2,0,0,0.0,0.0,0.0,2.0
Malta,2007,2,2,0,0,0.0,0.0,0.0,2.0
Malta,2008,2,2,0,0,0.0,0.0,0.0,2.0
Malta,2009,2,2,0,0,0.0,0.0,0.0,2.0
Malta,2010,3,3,0,0,0.0,0.0,0.0,3.0
Malta,2011,4,4,0,0,0.0,0.0,0.0,4.0
Malta,2012,6,6,0,0,1.0,0.0,0.0,6.0
Malta,2013,6,6,0,0,1.0,0.0,0.0,6.0
Malta,2014,7,7,1,0,1.0,0.0,0.0,7.0
Malta,2015,11,11,1,0,4.0,0.0,0.0,11.0
Malta,2016,11,11,1,0,4.0,0.0,0.0,11.0
Malta,2017,12,12,1,0,5.0,1.0,0.0,12.0
Malta,2018,12,12,1,0,5.0,1.0,0.0,12.0
Malta,2019,14,14,1,0,5.0,1.0,0.0,14.0
Malta,2020,14,14,1,0,5.0,1.0,0.0,14.0
Malta,2021,17,17,2,0,5.0,1.0,0.0,17.0
Malta,2022,17,17,2,0,5.0,1.0,0.0,17.0
Malta,2023,17,17,2,0,5.0,1.0,0.0,17.0
Malta,2024,17,17,2,0,5.0,1.0,0.0,17.0
Malta,2025,17,17,2,0,5.0,1.0,0.0,17.0
Mauritius,2020,1,1,1,0,1.0,1.0,0.0,1.0
Mauritius,2021,2,2,2,1,1.0,1.0,0.0,2.0
Mauritius,2022,2,2,2,1,1.0,1.0,0.0,2.0
Mauritius,2023,2,2,2,1,1.0,1.0,0.0,2.0
Mauritius,2024,2,2,2,1,1.0,1.0,0.0,2.0
Mauritius,2025,2,2,2,1,1.0,1.0,0.0,2.0
Mexico,2001,1,1,0,0,0.0,0.0,0.0,1.0
Mexico,2002,1,1,0,0,0.0,0.0,0.0,1.0
Mexico,2003,1,1,0,0,0.0,0.0,0.0,1.0
Mexico,2004,1,1,0,0,0.0,0.0,0.0,1.0
Mexico,2005,1,1,0,0,0.0,0.0,0.0,1.0
Mexico,2006,1,1,0,0,0.0,0.0,0.0,1.0
Mexico,2007,1,1,0,0,0.0,0.0,0.0,1.0
Mexico,2008,1,1,0,0,0.0,0.0,0.0,1.0
Mexico,2009,1,1,0,0,0.0,0.0,0.0,1.0
Mexico,2010,1,1,0,0,0.0,0.0,0.0,1.0
Mexico,2011,1,1,0,0,0.0,0.0,0.0,1.0
Mexico,2012,3,3,0,0,2.0,0.0,0.0,3.0
Mexico,2013,3,3,0,0,2.0,0.0,0.0,3.0
Mexico,2014,8,8,1,1,2.0,0.0,0.0,8.0
Mexico,2015,8,8,1,1,2.0,0.0,0.0,8.0
Mexico,2016,8,8,1,1,2.0,0.0,0.0,8.0
Mexico,2017,8,8,1,1,2.0,0.0,0.0,8.0
Mexico,2018,8,8,1,1,2.0,0.0,0.0,8.0
Mexico,2019,8,8,1,1,2.0,0.0,0.0,8.0
Mexico,2020,8,8,1,1,2.0,0.0,0.0,8.0
Mexico,2021,8,8,1,1,2.0,0.0,0.0,8.0
Mexico,2022,8,8,1,1,2.0,0.0,0.0,8.0
Mexico,2023,8,8,1,1,2.0,0.0,0.0,8.0
Mexico,2024,8,8,1,1,2.0,0.0,0.0,8.0
Mexico,2025,8,8,1,1,2.0,0.0,0.0,8.0
Moldova,2016,2,2,1,0,0.0,0.0,0.0,2.0
Moldova,2017,2,2,1,0,0.0,0.0,0.0,2.0
Moldova,2018,3,3,1,0,0.0,0.0,0.0,3.0
Moldova,2019,3,3,1,0,0.0,0.0,0.0,3.0
Moldova,2020,3,3,1,0,0.0,0.0,0.0,3.0
Moldova,2021,3,3,1,0,0.0,0.0,0.0,3.0
Moldova,2022,3,3,1,0,0.0,0.0,0.0,3.0
Moldova,2023,3,3,1,0,0.0,0.0,0.0,3.0
Moldova,2024,3,3,1,0,0.0,0.0,0.0,3.0
Moldova,2025,3,3,1,0,0.0,0.0,0.0,3.0
Monaco,2017,1,1,1,0,0.0,0.0,0.0,1.0
Monaco,2018,1,1,1,0,0.0,0.0,0.0,1.0
Monaco,2019,1,1,1,0,0.0,0.0,0.0,1.0
Monaco,2020,1,1,1,0,0.0,0.0,0.0,1.0
Monaco,2021,1,1,1,0,0.0,0.0,0.0,1.0
Monaco,2022,1,1,1,0,0.0,0.0,0.0,1.0
Monaco,2023,1,1,1,0,0.0,0.0,0.0,1.0
Monaco,2024,1,1,1,0,0.0,0.0,0.0,1.0
Monaco,2025,1,1,1,0,0.0,0.0,0.0,1.0
Mongolia,2012,2,2,2,0,2.0,0.0,1.0,1.0
Mongolia,2013,2,2,2,0,2.0,0.0,1.0,1.0
Mongolia,2014,2,2,2,0,2.0,0.0,1.0,1.0
Mongolia,2015,3,3,2,0,2.0,0.0,1.0,2.0
Mongolia,2016,3,3,2,0,2.0,0.0,1.0,2.0
Mongolia,2017,3,3,2,0,2.0,0.0,1.0,2.0
Mongolia,2018,3,3,2,0,2.0,0.0,1.0,2.0
Mongolia,2019,3,3,2,0,2.0,0.0,1.0,2.0
Mongolia,2020,3,3,2,0,2.0,0.0,1.0,2.0
Mongolia,2021,3,3,2,0,2.0,0.0,1.0,2.0
Mongolia,2022,3,3,2,0,2.0,0.0,1.0,2.0
Mongolia,2023,3,3,2,0,2.0,0.0,1.0,2.0
Mongolia,2024,3,3,2,0,2.0,0.0,1.0,2.0
Mongolia,2025,3,3,2,0,2.0,0.0,1.0,2.0
Montenegro,2022,2,2,0,0,0.0,0.0,0.0,2.0
Montenegro,2023,2,2,0,0,0.0,0.0,0.0,2.0
Montenegro,2024,2,2,0,0,0.0,0.0,0.0,2.0
Montenegro,2025,2,2,0,0,0.0,0.0,0.0,2.0
Myanmar,1992,1,1,1,0,1.0,0.0,0.0,1.0
Myanmar,1993,1,1,1,0,1.0,0.0,0.0,1.0
Myanmar,1994,1,1,1,0,1.0,0.0,0.0,1.0
Myanmar,1995,1,1,1,0,1.0,0.0,0.0,1.0
Myanmar,1996,1,1,1,0,1.0,0.0,0.0,1.0
Myanmar,1997,1,1,1,0,1.0,0.0,0.0,1.0
Myanmar,1998,1,1,1,0,1.0,0.0,0.0,1.0
Myanmar,1999,1,1,1,0,1.0,0.0,0.0,1.0
Myanmar,2000,1,1,1,0,1.0,0.0,0.0,1.0
Myanmar,2001,1,1,1,0,1.0,0.0,0.0,1.0
Myanmar,2002,1,1,1,0,1.0,0.0,0.0,1.0
Myanmar,2003,1,1,1,0,1.0,0.0,0.0,1.0
Myanmar,2004,1,1,1,0,1.0,0.0,0.0,1.0
Myanmar,2005,1,1,1,0,1.0,0.0,0.0,1.0
Myanmar,2006,1,1,1,0,1.0,0.0,0.0,1.0
Myanmar,2007,1,1,1,0,1.0,0.0,0.0,1.0
Myanmar,2008,1,1,1,0,1.0,0.0,0.0,1.0
Myanmar,2009,1,1,1,0,1.0,0.0,0.0,1.0
Myanmar,2010,1,1,1,0,1.0,0.0,0.0,1.0
Myanmar,2011,1,1,1,0,1.0,0.0,0.0,1.0
Myanmar,2012,1,1,1,0,1.0,0.0,0.0,1.0
Myanmar,2013,1,1,1,0,1.0,0.0,0.0,1.0
Myanmar,2014,1,1,1,0,1.0,0.0,0.0,1.0
Myanmar,2015,2,2,1,0,1.0,0.0,0.0,2.0
Myanmar,2016,2,2,1,0,1.0,0.0,0.0,2.0
Myanmar,2017,2,2,1,0,1.0,0.0,0.0,2.0
Myanmar,2018,2,2,1,0,1.0,0.0,0.0,2.0
Myanmar,2019,2,2,1,0,1.0,0.0,0.0,2.0
Myanmar,2020,2,2,1,0,1.0,0.0,0.0,2.0
Myanmar,2021,2,2,1,0,1.0,0.0,0.0,2.0
Myanmar,2022,2,2,1,0,1.0,0.0,0.0,2.0
Myanmar,2023,2,2,1,0,1.0,0.0,0.0,2.0
Myanmar,2024,2,2,1,0,1.0,0.0,0.0,2.0
Myanmar,2025,2,2,1,0,1.0,0.0,0.0,2.0
Nauru,2020,3,3,3,0,3.0,3.0,0.0,3.0
Nauru,2021,3,3,3,0,3.0,3.0,0.0,3.0
Nauru,2022,3,3,3,0,3.0,3.0,0.0,3.0
Nauru,2023,3,3,3,0,3.0,3.0,0.0,3.0
Nauru,2024,3,3,3,0,3.0,3.0,0.0,3.0
Nauru,2025,3,3,3,0,3.0,3.0,0.0,3.0
Netherlands,1998,1,1,0,0,0.0,0.0,0.0,1.0
Netherlands,1999,1,1,0,0,0.0,0.0,0.0,1.0
Netherlands,2000,1,1,0,0,0.0,0.0,0.0,1.0
Netherlands,2001,1,1,0,0,0.0,0.0,0.0,1.0
Netherlands,2002,1,1,0,0,0.0,0.0,0.0,1.0
Netherlands,2003,1,1,0,0,0.0,0.0,0.0,1.0
Netherlands,2004,2,2,0,0,0.0,0.0,0.0,2.0
Netherlands,2005,2,2,0,0,0.0,0.0,0.0,2.0
Netherlands,2006,2,2,0,0,0.0,0.0,0.0,2.0
Netherlands,2007,2,2,0,0,0.0,0.0,0.0,2.0
Netherlands,2008,2,2,0,0,0.0,0.0,0.0,2.0
Netherlands,2009,2,2,0,0,0.0,0.0,0.0,2.0
Netherlands,2010,2,2,0,0,0.0,0.0,0.0,2.0
Netherlands,2011,2,2,0,0,0.0,0.0,0.0,2.0
Netherlands,2012,3,3,0,0,1.0,1.0,0.0,2.0
Netherlands,2013,3,3,0,0,1.0,1.0,0.0,2.0
Netherlands,2014,3,3,0,0,1.0,1.0,0.0,2.0
Netherlands,2015,3,3,0,0,1.0,1.0,0.0,2.0
Netherlands,2016,10,10,2,0,7.0,7.0,6.0,9.0
Netherlands,2017,10,10,2,0,7.0,7.0,6.0,9.0
Netherlands,2018,19,19,8,0,11.0,7.0,10.0,14.0
Netherlands,2019,24,24,8,0,11.0,7.0,10.0,19.0
Netherlands,2020,26,26,9,0,11.0,7.0,10.0,19.0
Netherlands,2021,26,26,9,0,11.0,7.0,10.0,19.0
Netherlands,2022,26,26,9,0,11.0,7.0,10.0,19.0
Netherlands,2023,26,26,9,0,11.0,7.0,10.0,19.0
Netherlands,2024,26,26,9,0,11.0,7.0,10.0,19.0
Netherlands,2025,26,26,9,0,11.0,7.0,10.0,19.0
New Zealand,2002,3,3,2,0,3.0,0.0,0.0,3.0
New Zealand,2003,3,3,2,0,3.0,0.0,0.0,3.0
New Zealand,2004,6,6,4,0,6.0,0.0,0.0,3.0
New Zealand,2005,6,6,4,0,6.0,0.0,0.0,3.0
New Zealand,2006,6,6,4,0,6.0,0.0,0.0,3.0
New Zealand,2007,6,6,4,0,6.0,0.0,0.0,3.0
New Zealand,2008,6,6,4,0,6.0,0.0,0.0,3.0
New Zealand,2009,6,6,4,0,6.0,0.0,0.0,3.0
New Zealand,2010,6,6,4,0,6.0,0.0,0.0,3.0
New Zealand,2011,6,6,4,0,6.0,0.0,0.0,3.0
New Zealand,2012,6,6,4,0,6.0,0.0,0.0,3.0
New Zealand,2013,6,6,4,0,6.0,0.0,0.0,3.0
New Zealand,2014,6,6,4,0,6.0,0.0,0.0,3.0
New Zealand,2015,6,6,4,0,6.0,0.0,0.0,3.0
New Zealand,2016,6,6,4,0,6.0,0.0,0.0,3.0
New Zealand,2017,6,6,4,0,6.0,0.0,0.0,3.0
New Zealand,2018,6,6,4,0,6.0,0.0,0.0,3.0
New Zealand,2019,9,9,6,0,7.0,0.0,0.0,6.0
New Zealand,2020,9,9,6,0,7.0,0.0,0.0,6.0
New Zealand,2021,10,10,7,0,7.0,0.0,0.0,7.0
New Zealand,2022,15,15,9,0,7.0,0.0,0.0,12.0
New Zealand,2023,17,17,10,0,7.0,0.0,0.0,14.0
New Zealand,2024,17,17,10,0,7.0,0.0,0.0,14.0
New Zealand,2025,17,17,10,0,7.0,0.0,0.0,14.0
Nicaragua,2000,1,1,0,0,0.0,1.0,0.0,0.0
Nicaragua,2001,1,1,0,0,0.0,1.0,0.0,0.0
Nicaragua,2002,3,3,0,0,0.0,1.0,0.0,2.0
Nicaragua,2003,3,3,0,0,0.0,1.0,0.0,2.0
Nicaragua,2004,3,3,0,0,0.0,1.0,0.0,2.0
Nicaragua,2005,3,3,0,0,0.0,1.0,0.0,2.0
Nicaragua,2006,3,3,0,0,0.0,1.0,0.0,2.0
Nicaragua,2007,3,3,0,0,0.0,1.0,0.0,2.0
Nicaragua,2008,3,3,0,0,0.0,1.0,0.0,2.0
Nicaragua,2009,3,3,0,0,0.0,1.0,0.0,2.0
Nicaragua,2010,3,3,0,0,0.0,1.0,0.0,2.0
Nicaragua,2011,3,3,0,0,0.0,1.0,0.0,2.0
Nicaragua,2012,3,3,0,0,0.0,1.0,0.0,2.0
Nicaragua,2013,3,3,0,0,0.0,1.0,0.0,2.0
Nicaragua,2014,3,3,0,0,0.0,1.0,0.0,2.0
Nicaragua,2015,3,3,0,0,0.0,1.0,0.0,2.0
Nicaragua,2016,3,3,0,0,0.0,1.0,0.0,2.0
Nicaragua,2017,3,3,0,0,0.0,1.0,0.0,2.0
Nicaragua,2018,3,3,0,0,0.0,1.0,0.0,2.0
Nicaragua,2019,3,3,0,0,0.0,1.0,0.0,2.0
Nicaragua,2020,3,3,0,0,0.0,1.0,0.0,2.0
Nicaragua,2021,3,3,0,0,0.0,1.0,0.0,2.0
Nicaragua,2022,3,3,0,0,0.0,1.0,0.0,2.0
Nicaragua,2023,6,6,0,0,2.0,1.0,0.0,4.0
Nicaragua,2024,7,7,0,0,2.0,1.0,0.0,5.0
Nicaragua,2025,7,7,0,0,2.0,1.0,0.0,5.0
Nigeria,2021,1,1,1,0,1.0,0.0,0.0,1.0
Nigeria,2022,2,2,2,0,1.0,0.0,0.0,2.0
Nigeria,2023,2,2,2,0,1.0,0.0,0.0,2.0
Nigeria,2024,2,2,2,0,1.0,0.0,0.0,2.0
Nigeria,2025,2,2,2,0,1.0,0.0,0.0,2.0
Norway,1990,1,1,0,0,0.0,0.0,0.0,1.0
Norway,1991,1,1,0,0,0.0,0.0,0.0,1.0
Norway,1992,1,1,0,0,0.0,0.0,0.0,1.0
Norway,1993,1,1,0,0,0.0,0.0,0.0,1.0
Norway,1994,4,4,1,0,3.0,3.0,0.0,1.0
Norway,1995,4,4,1,0,3.0,3.0,0.0,1.0
Norway,1996,4,4,1,0,3.0,3.0,0.0,1.0
Norway,1997,4,4,1,0,3.0,3.0,0.0,1.0
Norway,1998,4,4,1,0,3.0,3.0,0.0,1.0
Norway,1999,4,4,1,0,3.0,3.0,0.0,1.0
Norway,2000,4,4,1,0,3.0,3.0,0.0,1.0
Norway,2001,4,4,1,0,3.0,3.0,0.0,1.0
Norway,2002,4,4,1,0,3.0,3.0,0.0,1.0
Norway,2003,4,4,1,0,3.0,3.0,0.0,1.0
Norway,2004,4,4,1,0,3.0,3.0,0.0,1.0
Norway,2005,4,4,1,0,3.0,3.0,0.0,1.0
Norway,2006,4,4,1,0,3.0,3.0,0.0,1.0
Norway,2007,4,4,1,0,3.0,3.0,0.0,1.0
Norway,2008,4,4,1,0,3.0,3.0,0.0,1.0
Norway,2009,4,4,1,0,3.0,3.0,0.0,1.0
Norway,2010,4,4,1,0,3.0,3.0,0.0,1.0
Norway,2011,4,4,1,0,3.0,3.0,0.0,1.0
Norway,2012,7,7,1,0,3.0,3.0,0.0,4.0
Norway,2013,7,7,1,0,3.0,3.0,0.0,4.0
Norway,2014,7,7,1,0,3.0,3.0,0.0,4.0
Norway,2015,7,7,1,0,3.0,3.0,0.0,4.0
Norway,2016,8,8,1,0,3.0,3.0,0.0,5.0
Norway,2017,10,10,2,0,5.0,3.0,0.0,7.0
Norway,2018,11,11,2,0,5.0,3.0,0.0,8.0
Norway,2019,11,11,2,0,5.0,3.0,0.0,8.0
Norway,2020,11,11,2,0,5.0,3.0,0.0,8.0
Norway,2021,11,11,2,0,5.0,3.0,0.0,8.0
Norway,2022,11,11,2,0,5.0,3.0,0.0,8.0
Norway,2023,11,11,2,0,5.0,3.0,0.0,8.0
Norway,2024,11,11,2,0,5.0,3.0,0.0,8.0
Norway,2025,11,11,2,0,5.0,3.0,0.0,8.0
Oman,2011,1,1,1,0,0.0,0.0,0.0,1.0
Oman,2012,1,1,1,0,0.0,0.0,0.0,1.0
Oman,2013,1,1,1,0,0.0,0.0,0.0,1.0
Oman,2014,1,1,1,0,0.0,0.0,0.0,1.0
Oman,2015,1,1,1,0,0.0,0.0,0.0,1.0
Oman,2016,1,1,1,0,0.0,0.0,0.0,1.0
Oman,2017,1,1,1,0,0.0,0.0,0.0,1.0
Oman,2018,1,1,1,0,0.0,0.0,0.0,1.0
Oman,2019,1,1,1,0,0.0,0.0,0.0,1.0
Oman,2020,1,1,1,0,0.0,0.0,0.0,1.0
Oman,2021,1,1,1,0,0.0,0.0,0.0,1.0
Oman,2022,1,1,1,0,0.0,0.0,0.0,1.0
Oman,2023,1,1,1,0,0.0,0.0,0.0,1.0
Oman,2024,1,1,1,0,0.0,0.0,0.0,1.0
Oman,2025,1,1,1,0,0.0,0.0,0.0,1.0
Pakistan,2016,1,1,1,0,0.0,0.0,0.0,1.0
Pakistan,2017,1,1,1,0,0.0,0.0,0.0,1.0
Pakistan,2018,1,1,1,0,0.0,0.0,0.0,1.0
Pakistan,2019,1,1,1,0,0.0,0.0,0.0,1.0
Pakistan,2020,1,1,1,0,0.0,0.0,0.0,1.0
Pakistan,2021,1,1,1,0,0.0,0.0,0.0,1.0
Pakistan,2022,1,1,1,0,0.0,0.0,0.0,1.0
Pakistan,2023,1,1,1,0,0.0,0.0,0.0,1.0
Pakistan,2024,1,1,1,0,0.0,0.0,0.0,1.0
Pakistan,2025,1,1,1,0,0.0,0.0,0.0,1.0
Papua New Guinea,2015,2,2,1,0,2.0,0.0,0.0,0.0
Papua New Guinea,2016,2,2,1,0,2.0,0.0,0.0,0.0
Papua New Guinea,2017,2,2,1,0,2.0,0.0,0.0,0.0
Papua New Guinea,2018,2,2,1,0,2.0,0.0,0.0,0.0
Papua New Guinea,2019,2,2,1,0,2.0,0.0,0.0,0.0
Papua New Guinea,2020,2,2,1,0,2.0,0.0,0.0,0.0
Papua New Guinea,2021,2,2,1,0,2.0,0.0,0.0,0.0
Papua New Guinea,2022,2,2,1,0,2.0,0.0,0.0,0.0
Papua New Guinea,2023,2,2,1,0,2.0,0.0,0.0,0.0
Papua New Guinea,2024,2,2,1,0,2.0,0.0,0.0,0.0
Papua New Guinea,2025,2,2,1,0,2.0,0.0,0.0,0.0
Paraguay,1993,1,1,0,0,1.0,0.0,0.0,1.0
Paraguay,1994,1,1,0,0,1.0,0.0,0.0,1.0
Paraguay,1995,1,1,0,0,1.0,0.0,0.0,1.0
Paraguay,1996,1,1,0,0,1.0,0.0,0.0,1.0
Paraguay,1997,1,1,0,0,1.0,0.0,0.0,1.0
Paraguay,1998,1,1,0,0,1.0,0.0,0.0,1.0
Paraguay,1999,1,1,0,0,1.0,0.0,0.0,1.0
Paraguay,2000,1,1,0,0,1.0,0.0,0.0,1.0
Paraguay,2001,1,1,0,0,1.0,0.0,0.0,1.0
Paraguay,2002,1,1,0,0,1.0,0.0,0.0,1.0
Paraguay,2003,1,1,0,0,1.0,0.0,0.0,1.0
Paraguay,2004,1,1,0,0,1.0,0.0,0.0,1.0
Paraguay,2005,1,1,0,0,1.0,0.0,0.0,1.0
Paraguay,2006,2,2,0,0,2.0,0.0,0.0,2.0
Paraguay,2007,2,2,0,0,2.0,0.0,0.0,2.0
Paraguay,2008,2,2,0,0,2.0,0.0,0.0,2.0
Paraguay,2009,2,2,0,0,2.0,0.0,0.0,2.0
Paraguay,2010,2,2,0,0,2.0,0.0,0.0,2.0
Paraguay,2011,2,2,0,0,2.0,0.0,0.0,2.0
Paraguay,2012,2,2,0,0,2.0,0.0,0.0,2.0
Paraguay,2013,2,2,0,0,2.0,0.0,0.0,2.0
Paraguay,2014,2,2,0,0,2.0,0.0,0.0,2.0
Paraguay,2015,2,2,0,0,2.0,0.0,0.0,2.0
Paraguay,2016,2,2,0,0,2.0,0.0,0.0,2.0
Paraguay,2017,2,2,0,0,2.0,0.0,0.0,2.0
Paraguay,2018,2,2,0,0,2.0,0.0,0.0,2.0
Paraguay,2019,2,2,0,0,2.0,0.0,0.0,2.0
Paraguay,2020,2,2,0,0,2.0,0.0,0.0,2.0
Paraguay,2021,2,2,0,0,2.0,0.0,0.0,2.0
Paraguay,2022,2,2,0,0,2.0,0.0,0.0,2.0
Paraguay,2023,2,2,0,0,2.0,0.0,0.0,2.0
Paraguay,2024,2,2,0,0,2.0,0.0,0.0,2.0
Paraguay,2025,2,2,0,0,2.0,0.0,0.0,2.0
Peru,2005,1,1,1,1,0.0,0.0,0.0,1.0
Peru,2006,1,1,1,1,0.0,0.0,0.0,1.0
Peru,2007,1,1,1,1,0.0,0.0,0.0,1.0
Peru,2008,1,1,1,1,0.0,0.0,0.0,1.0
Peru,2009,1,1,1,1,0.0,0.0,0.0,1.0
Peru,2010,1,1,1,1,0.0,0.0,0.0,1.0
Peru,2011,1,1,1,1,0.0,0.0,0.0,1.0
Peru,2012,1,1,1,1,0.0,0.0,0.0,1.0
Peru,2013,1,1,1,1,0.0,0.0,0.0,1.0
Peru,2014,1,1,1,1,0.0,0.0,0.0,1.0
Peru,2015,1,1,1,1,0.0,0.0,0.0,1.0
Peru,2016,1,1,1,1,0.0,0.0,0.0,1.0
Peru,2017,1,1,1,1,0.0,0.0,0.0,1.0
Peru,2018,2,2,1,1,1.0,0.0,0.0,2.0
Peru,2019,2,2,1,1,1.0,0.0,0.0,2.0
Peru,2020,3,3,1,1,1.0,0.0,0.0,3.0
Peru,2021,3,3,1,1,1.0,0.0,0.0,3.0
Peru,2022,3,3,1,1,1.0,0.0,0.0,3.0
Peru,2023,3,3,1,1,1.0,0.0,0.0,3.0
Peru,2024,3,3,1,1,1.0,0.0,0.0,3.0
Peru,2025,3,3,1,1,1.0,0.0,0.0,3.0
Philippines,2006,1,1,0,0,0.0,0.0,0.0,1.0
Philippines,2007,1,1,0,0,0.0,0.0,0.0,1.0
Philippines,2008,2,2,0,0,0.0,1.0,0.0,1.0
Philippines,2009,5,5,2,2,3.0,4.0,0.0,4.0
Philippines,2010,5,5,2,2,3.0,4.0,0.0,4.0
Philippines,2011,5,5,2,2,3.0,4.0,0.0,4.0
Philippines,2012,5,5,2,2,3.0,4.0,0.0,4.0
Philippines,2013,5,5,2,2,3.0,4.0,0.0,4.0
Philippines,2014,5,5,2,2,3.0,4.0,0.0,4.0
Philippines,2015,6,6,3,2,3.0,4.0,0.0,5.0
Philippines,2016,6,6,3,2,3.0,4.0,0.0,5.0
Philippines,2017,6,6,3,2,3.0,4.0,0.0,5.0
Philippines,2018,6,6,3,2,3.0,4.0,0.0,5.0
Philippines,2019,6,6,3,2,3.0,4.0,0.0,5.0
Philippines,2020,6,6,3,2,3.0,4.0,0.0,5.0
Philippines,2021,6,6,3,2,3.0,4.0,0.0,5.0
Philippines,2022,6,6,3,2,3.0,4.0,0.0,5.0
Philippines,2023,6,6,3,2,3.0,4.0,0.0,5.0
Philippines,2024,6,6,3,2,3.0,4.0,0.0,5.0
Philippines,2025,6,6,3,2,3.0,4.0,0.0,5.0
Poland,2001,1,1,0,0,1.0,0.0,0.0,1.0
Poland,2002,1,1,0,0,1.0,0.0,0.0,1.0
Poland,2003,1,1,0,0,1.0,0.0,0.0,1.0
Poland,2004,1,1,0,0,1.0,0.0,0.0,1.0
Poland,2005,2,2,0,0,1.0,0.0,0.0,2.0
Poland,2006,2,2,0,0,1.0,0.0,0.0,2.0
Poland,2007,2,2,0,0,1.0,0.0,0.0,2.0
Poland,2008,2,2,0,0,1.0,0.0,0.0,2.0
Poland,2009,2,2,0,0,1.0,0.0,0.0,2.0
Poland,2010,2,2,0,0,1.0,0.0,0.0,2.0
Poland,2011,2,2,0,0,1.0,0.0,0.0,2.0
Poland,2012,2,2,0,0,1.0,0.0,0.0,2.0
Poland,2013,2,2,0,0,1.0,0.0,0.0,2.0
Poland,2014,2,2,0,0,1.0,0.0,0.0,2.0
Poland,2015,2,2,0,0,1.0,0.0,0.0,2.0
Poland,2016,3,3,0,0,1.0,0.0,0.0,3.0
Poland,2017,3,3,0,0,1.0,0.0,0.0,3.0
Poland,2018,5,5,0,0,1.0,0.0,0.0,5.0
Poland,2019,6,6,0,0,1.0,0.0,0.0,6.0
Poland,2020,6,6,0,0,1.0,0.0,0.0,6.0
Poland,2021,6,6,0,0,1.0,0.0,0.0,6.0
Poland,2022,6,6,0,0,1.0,0.0,0.0,6.0
Poland,2023,6,6,0,0,1.0,0.0,0.0,6.0
Poland,2024,6,6,0,0,1.0,0.0,0.0,6.0
Poland,2025,6,6,0,0,1.0,0.0,0.0,6.0
Portugal,2006,2,2,0,0,2.0,2.0,0.0,0.0
Portugal,2007,2,2,0,0,2.0,2.0,0.0,0.0
Portugal,2008,2,2,0,0,2.0,2.0,0.0,0.0
Portugal,2009,2,2,0,0,2.0,2.0,0.0,0.0
Portugal,2010,2,2,0,0,2.0,2.0,0.0,0.0
Portugal,2011,2,2,0,0,2.0,2.0,0.0,0.0
Portugal,2012,2,2,0,0,2.0,2.0,0.0,0.0
Portugal,2013,2,2,0,0,2.0,2.0,0.0,0.0
Portugal,2014,4,4,1,0,3.0,2.0,0.0,2.0
Portugal,2015,5,5,2,0,3.0,2.0,0.0,3.0
Portugal,2016,5,5,2,0,3.0,2.0,0.0,3.0
Portugal,2017,5,5,2,0,3.0,2.0,0.0,3.0
Portugal,2018,5,5,2,0,3.0,2.0,0.0,3.0
Portugal,2019,5,5,2,0,3.0,2.0,0.0,3.0
Portugal,2020,5,5,2,0,3.0,2.0,0.0,3.0
Portugal,2021,6,6,3,0,4.0,3.0,0.0,4.0
Portugal,2022,8,8,5,0,4.0,4.0,0.0,6.0
Portugal,2023,10,10,6,0,5.0,4.0,0.0,8.0
Portugal,2024,10,10,6,0,5.0,4.0,0.0,8.0
Portugal,2025,10,10,6,0,5.0,4.0,0.0,8.0
Romania,2008,2,2,0,0,0.0,0.0,0.0,2.0
Romania,2009,2,2,0,0,0.0,0.0,0.0,2.0
Romania,2010,2,2,0,0,0.0,0.0,0.0,2.0
Romania,2011,2,2,0,0,0.0,0.0,0.0,2.0
Romania,2012,3,3,0,0,0.0,0.0,0.0,3.0
Romania,2013,3,3,0,0,0.0,0.0,0.0,3.0
Romania,2014,4,4,0,0,0.0,0.0,0.0,4.0
Romania,2015,4,4,0,0,0.0,0.0,0.0,4.0
Romania,2016,4,4,0,0,0.0,0.0,0.0,4.0
Romania,2017,4,4,0,0,0.0,0.0,0.0,4.0
Romania,2018,5,5,0,0,1.0,0.0,0.0,5.0
Romania,2019,6,6,0,0,1.0,0.0,0.0,6.0
Romania,2020,6,6,0,0,1.0,0.0,0.0,6.0
Romania,2021,6,6,0,0,1.0,0.0,0.0,6.0
Romania,2022,6,6,0,0,1.0,0.0,0.0,6.0
Romania,2023,6,6,0,0,1.0,0.0,0.0,6.0
Romania,2024,6,6,0,0,1.0,0.0,0.0,6.0
Romania,2025,6,6,0,0,1.0,0.0,0.0,6.0
Russian Federation,2002,1,1,1,0,0.0,0.0,0.0,1.0
Russian Federation,2003,1,1,1,0,0.0,0.0,0.0,1.0
Russian Federation,2004,1,1,1,0,0.0,0.0,0.0,1.0
Russian Federation,2005,1,1,1,0,0.0,0.0,0.0,1.0
Russian Federation,2006,1,1,1,0,0.0,0.0,0.0,1.0
Russian Federation,2007,1,1,1,0,0.0,0.0,0.0,1.0
Russian Federation,2008,1,1,1,0,0.0,0.0,0.0,1.0
Russian Federation,2009,1,1,1,0,0.0,0.0,0.0,1.0
Russian Federation,2010,1,1,1,0,0.0,0.0,0.0,1.0
Russian Federation,2011,1,1,1,0,0.0,0.0,0.0,1.0
Russian Federation,2012,1,1,1,0,0.0,0.0,0.0,1.0
Russian Federation,2013,1,1,1,0,0.0,0.0,0.0,1.0
Russian Federation,2014,1,1,1,0,0.0,0.0,0.0,1.0
Russian Federation,2015,1,1,1,0,0.0,0.0,0.0,1.0
Russian Federation,2016,1,1,1,0,0.0,0.0,0.0,1.0
Russian Federation,2017,1,1,1,0,0.0,0.0,0.0,1.0
Russian Federation,2018,1,1,1,0,0.0,0.0,0.0,1.0
Russian Federation,2019,1,1,1,0,0.0,0.0,0.0,1.0
Russian Federation,2020,1,1,1,0,0.0,0.0,0.0,1.0
Russian Federation,2021,2,2,1,0,0.0,0.0,0.0,2.0
Russian Federation,2022,2,2,1,0,0.0,0.0,0.0,2.0
Russian Federation,2023,2,2,1,0,0.0,0.0,0.0,2.0
Russian Federation,2024,2,2,1,0,0.0,0.0,0.0,2.0
Russian Federation,2025,2,2,1,0,0.0,0.0,0.0,2.0
Rwanda,2013,1,1,1,0,1.0,0.0,0.0,0.0
Rwanda,2014,1,1,1,0,1.0,0.0,0.0,0.0
Rwanda,2015,1,1,1,0,1.0,0.0,0.0,0.0
Rwanda,2016,1,1,1,0,1.0,0.0,0.0,0.0
Rwanda,2017,1,1,1,0,1.0,0.0,0.0,0.0
Rwanda,2018,2,2,2,0,2.0,0.0,0.0,1.0
Rwanda,2019,2,2,2,0,2.0,0.0,0.0,1.0
Rwanda,2020,2,2,2,0,2.0,0.0,0.0,1.0
Rwanda,2021,2,2,2,0,2.0,0.0,0.0,1.0
Rwanda,2022,2,2,2,0,2.0,0.0,0.0,1.0
Rwanda,2023,2,2,2,0,2.0,0.0,0.0,1.0
Rwanda,2024,2,2,2,0,2.0,0.0,0.0,1.0
Rwanda,2025,2,2,2,0,2.0,0.0,0.0,1.0
Samoa,2007,1,1,1,1,0.0,1.0,0.0,0.0
Samoa,2008,1,1,1,1,0.0,1.0,0.0,0.0
Samoa,2009,1,1,1,1,0.0,1.0,0.0,0.0
Samoa,2010,1,1,1,1,0.0,1.0,0.0,0.0
Samoa,2011,1,1,1,1,0.0,1.0,0.0,0.0
Samoa,2012,1,1,1,1,0.0,1.0,0.0,0.0
Samoa,2013,1,1,1,1,0.0,1.0,0.0,0.0
Samoa,2014,1,1,1,1,0.0,1.0,0.0,0.0
Samoa,2015,1,1,1,1,0.0,1.0,0.0,0.0
Samoa,2016,1,1,1,1,0.0,1.0,0.0,0.0
Samoa,2017,1,1,1,1,0.0,1.0,0.0,0.0
Samoa,2018,1,1,1,1,0.0,1.0,0.0,0.0
Samoa,2019,1,1,1,1,0.0,1.0,0.0,0.0
Samoa,2020,1,1,1,1,0.0,1.0,0.0,0.0
Samoa,2021,1,1,1,1,0.0,1.0,0.0,0.0
Samoa,2022,1,1,1,1,0.0,1.0,0.0,0.0
Samoa,2023,1,1,1,1,0.0,1.0,0.0,0.0
Samoa,2024,1,1,1,1,0.0,1.0,0.0,0.0
Samoa,2025,1,1,1,1,0.0,1.0,0.0,0.0
San Marino,2008,1,1,0,0,0.0,0.0,0.0,1.0
San Marino,2009,1,1,0,0,0.0,0.0,0.0,1.0
San Marino,2010,1,1,0,0,0.0,0.0,0.0,1.0
San Marino,2011,1,1,0,0,0.0,0.0,0.0,1.0
San Marino,2012,2,2,0,0,0.0,0.0,0.0,2.0
San Marino,2013,2,2,0,0,0.0,0.0,0.0,2.0
San Marino,2014,2,2,0,0,0.0,0.0,0.0,2.0
San Marino,2015,2,2,0,0,0.0,0.0,0.0,2.0
San Marino,2016,2,2,0,0,0.0,0.0,0.0,2.0
San Marino,2017,2,2,0,0,0.0,0.0,0.0,2.0
San Marino,2018,2,2,0,0,0.0,0.0,0.0,2.0
San Marino,2019,2,2,0,0,0.0,0.0,0.0,2.0
San Marino,2020,2,2,0,0,0.0,0.0,0.0,2.0
San Marino,2021,2,2,0,0,0.0,0.0,0.0,2.0
San Marino,2022,2,2,0,0,0.0,0.0,0.0,2.0
San Marino,2023,2,2,0,0,0.0,0.0,0.0,2.0
San Marino,2024,2,2,0,0,0.0,0.0,0.0,2.0
San Marino,2025,2,2,0,0,0.0,0.0,0.0,2.0
Seychelles,2015,2,2,2,0,2.0,0.0,0.0,1.0
Seychelles,2016,2,2,2,0,2.0,0.0,0.0,1.0
Seychelles,2017,2,2,2,0,2.0,0.0,0.0,1.0
Seychelles,2018,2,2,2,0,2.0,0.0,0.0,1.0
Seychelles,2019,2,2,2,0,2.0,0.0,0.0,1.0
Seychelles,2020,2,2,2,0,2.0,0.0,0.0,1.0
Seychelles,2021,2,2,2,0,2.0,0.0,0.0,1.0
Seychelles,2022,2,2,2,0,2.0,0.0,0.0,1.0
Seychelles,2023,2,2,2,0,2.0,0.0,0.0,1.0
Seychelles,2024,2,2,2,0,2.0,0.0,0.0,1.0
Seychelles,2025,2,2,2,0,2.0,0.0,0.0,1.0
Sierra Leone,2017,1,1,1,0,,,,
Sierra Leone,2018,1,1,1,0,,,,
Sierra Leone,2019,1,1,1,0,,,,
Sierra Leone,2020,1,1,1,0,,,,
Sierra Leone,2021,1,1,1,0,,,,
Sierra Leone,2022,1,1,1,0,,,,
Sierra Leone,2023,1,1,1,0,,,,
Sierra Leone,2024,1,1,1,0,,,,
Sierra Leone,2025,1,1,1,0,,,,
Singapore,2018,2,2,1,0,0.0,0.0,0.0,2.0
Singapore,2019,4,4,3,0,0.0,0.0,0.0,4.0
Singapore,2020,4,4,3,0,0.0,0.0,0.0,4.0
Singapore,2021,4,4,3,0,0.0,0.0,0.0,4.0
Singapore,2022,4,4,3,0,0.0,0.0,0.0,4.0
Singapore,2023,4,4,3,0,0.0,0.0,0.0,4.0
Singapore,2024,4,4,3,0,0.0,0.0,0.0,4.0
Singapore,2025,4,4,3,0,0.0,0.0,0.0,4.0
Slovenia,2006,1,1,0,0,0.0,0.0,0.0,1.0
Slovenia,2007,1,1,0,0,0.0,0.0,0.0,1.0
Slovenia,2008,1,1,0,0,0.0,0.0,0.0,1.0
Slovenia,2009,1,1,0,0,0.0,0.0,0.0,1.0
Slovenia,2010,1,1,0,0,0.0,0.0,0.0,1.0
Slovenia,2011,1,1,0,0,0.0,0.0,0.0,1.0
Slovenia,2012,1,1,0,0,0.0,0.0,0.0,1.0
Slovenia,2013,1,1,0,0,0.0,0.0,0.0,1.0
Slovenia,2014,1,1,0,0,0.0,0.0,0.0,1.0
Slovenia,2015,1,1,0,0,0.0,0.0,0.0,1.0
Slovenia,2016,1,1,0,0,0.0,0.0,0.0,1.0
Slovenia,2017,1,1,0,0,0.0,0.0,0.0,1.0
Slovenia,2018,1,1,0,0,0.0,0.0,0.0,1.0
Slovenia,2019,1,1,0,0,0.0,0.0,0.0,1.0
Slovenia,2020,1,1,0,0,0.0,0.0,0.0,1.0
Slovenia,2021,3,3,1,0,2.0,0.0,0.0,3.0
Slovenia,2022,3,3,1,0,2.0,0.0,0.0,3.0
Slovenia,2023,3,3,1,0,2.0,0.0,0.0,3.0
Slovenia,2024,3,3,1,0,2.0,0.0,0.0,3.0
Slovenia,2025,3,3,1,0,2.0,0.0,0.0,3.0
South Africa,2004,1,1,1,0,0.0,0.0,0.0,1.0
South Africa,2005,1,1,1,0,0.0,0.0,0.0,1.0
South Africa,2006,1,1,1,0,0.0,0.0,0.0,1.0
South Africa,2007,1,1,1,0,0.0,0.0,0.0,1.0
South Africa,2008,1,1,1,0,0.0,0.0,0.0,1.0
South Africa,2009,1,1,1,0,0.0,0.0,0.0,1.0
South Africa,2010,1,1,1,0,0.0,0.0,0.0,1.0
South Africa,2011,1,1,1,0,0.0,0.0,0.0,1.0
South Africa,2012,1,1,1,0,0.0,0.0,0.0,1.0
South Africa,2013,1,1,1,0,0.0,0.0,0.0,1.0
South Africa,2014,1,1,1,0,0.0,0.0,0.0,1.0
South Africa,2015,1,1,1,0,0.0,0.0,0.0,1.0
South Africa,2016,1,1,1,0,0.0,0.0,0.0,1.0
South Africa,2017,1,1,1,0,0.0,0.0,0.0,1.0
South Africa,2018,1,1,1,0,0.0,0.0,0.0,1.0
South Africa,2019,1,1,1,0,0.0,0.0,0.0,1.0
South Africa,2020,1,1,1,0,0.0,0.0,0.0,1.0
South Africa,2021,2,2,2,0,0.0,0.0,0.0,2.0
South Africa,2022,2,2,2,0,0.0,0.0,0.0,2.0
South Africa,2023,2,2,2,0,0.0,0.0,0.0,2.0
South Africa,2024,3,3,3,0,1.0,1.0,0.0,3.0
South Africa,2025,3,3,3,0,1.0,1.0,0.0,3.0
South Korea,2000,1,1,1,0,0.0,0.0,0.0,1.0
South Korea,2001,1,1,1,0,0.0,0.0,0.0,1.0
South Korea,2002,1,1,1,0,0.0,0.0,0.0,1.0
South Korea,2003,1,1,1,0,0.0,0.0,0.0,1.0
South Korea,2004,2,2,2,0,0.0,0.0,0.0,2.0
South Korea,2005,2,2,2,0,0.0,0.0,0.0,2.0
South Korea,2006,2,2,2,0,0.0,0.0,0.0,2.0
South Korea,2007,2,2,2,0,0.0,0.0,0.0,2.0
South Korea,2008,2,2,2,0,0.0,0.0,0.0,2.0
South Korea,2009,2,2,2,0,0.0,0.0,0.0,2.0
South Korea,2010,2,2,2,0,0.0,0.0,0.0,2.0
South Korea,2011,2,2,2,0,0.0,0.0,0.0,2.0
South Korea,2012,3,3,2,0,0.0,0.0,0.0,3.0
South Korea,2013,3,3,2,0,0.0,0.0,0.0,3.0
South Korea,2014,3,3,2,0,0.0,0.0,0.0,3.0
South Korea,2015,4,4,3,0,0.0,0.0,0.0,4.0
South Korea,2016,4,4,3,0,0.0,0.0,0.0,4.0
South Korea,2017,4,4,3,0,0.0,0.0,0.0,4.0
South Korea,2018,4,4,3,0,0.0,0.0,0.0,4.0
South Korea,2019,4,4,3,0,0.0,0.0,0.0,4.0
South Korea,2020,4,4,3,0,0.0,0.0,0.0,4.0
South Korea,2021,9,9,6,0,4.0,0.0,0.0,9.0
South Korea,2022,9,9,6,0,4.0,0.0,0.0,9.0
South Korea,2023,12,12,8,0,4.0,0.0,0.0,12.0
South Korea,2024,12,12,8,0,4.0,0.0,0.0,12.0
South Korea,2025,12,12,8,0,4.0,0.0,0.0,12.0
Spain,2005,3,3,1,0,2.0,0.0,0.0,3.0
Spain,2006,3,3,1,0,2.0,0.0,0.0,3.0
Spain,2007,3,3,1,0,2.0,0.0,0.0,3.0
Spain,2008,3,3,1,0,2.0,0.0,0.0,3.0
Spain,2009,3,3,1,0,2.0,0.0,0.0,3.0
Spain,2010,3,3,1,0,2.0,0.0,0.0,3.0
Spain,2011,4,4,1,0,2.0,0.0,0.0,4.0
Spain,2012,4,4,1,0,2.0,0.0,0.0,4.0
Spain,2013,8,8,1,0,4.0,0.0,0.0,6.0
Spain,2014,8,8,1,0,4.0,0.0,0.0,6.0
Spain,2015,10,10,1,0,5.0,1.0,0.0,7.0
Spain,2016,10,10,1,0,5.0,1.0,0.0,7.0
Spain,2017,10,10,1,0,5.0,1.0,0.0,7.0
Spain,2018,10,10,1,0,5.0,1.0,0.0,7.0
Spain,2019,10,10,1,0,5.0,1.0,0.0,7.0
Spain,2020,12,12,2,0,6.0,1.0,0.0,9.0
Spain,2021,14,14,3,0,7.0,1.0,0.0,11.0
Spain,2022,17,17,6,0,7.0,1.0,0.0,14.0
Spain,2023,18,18,7,0,7.0,1.0,0.0,14.0
Spain,2024,18,18,7,0,7.0,1.0,0.0,14.0
Spain,2025,18,18,7,0,7.0,1.0,0.0,14.0
Sri Lanka,1981,1,1,1,0,1.0,0.0,0.0,0.0
Sri Lanka,1982,1,1,1,0,1.0,0.0,0.0,0.0
Sri Lanka,1983,1,1,1,0,1.0,0.0,0.0,0.0
Sri Lanka,1984,1,1,1,0,1.0,0.0,0.0,0.0
Sri Lanka,1985,1,1,1,0,1.0,0.0,0.0,0.0
Sri Lanka,1986,1,1,1,0,1.0,0.0,0.0,0.0
Sri Lanka,1987,1,1,1,0,1.0,0.0,0.0,0.0
Sri Lanka,1988,1,1,1,0,1.0,0.0,0.0,0.0
Sri Lanka,1989,1,1,1,0,1.0,0.0,0.0,0.0
Sri Lanka,1990,1,1,1,0,1.0,0.0,0.0,0.0
Sri Lanka,1991,1,1,1,0,1.0,0.0,0.0,0.0
Sri Lanka,1992,1,1,1,0,1.0,0.0,0.0,0.0
Sri Lanka,1993,1,1,1,0,1.0,0.0,0.0,0.0
Sri Lanka,1994,1,1,1,0,1.0,0.0,0.0,0.0
Sri Lanka,1995,1,1,1,0,1.0,0.0,0.0,0.0
Sri Lanka,1996,1,1,1,0,1.0,0.0,0.0,0.0
Sri Lanka,1997,1,1,1,0,1.0,0.0,0.0,0.0
Sri Lanka,1998,1,1,1,0,1.0,0.0,0.0,0.0
Sri Lanka,1999,1,1,1,0,1.0,0.0,0.0,0.0
Sri Lanka,2000,1,1,1,0,1.0,0.0,0.0,0.0
Sri Lanka,2001,1,1,1,0,1.0,0.0,0.0,0.0
Sri Lanka,2002,1,1,1,0,1.0,0.0,0.0,0.0
Sri Lanka,2003,1,1,1,0,1.0,0.0,0.0,0.0
Sri Lanka,2004,1,1,1,0,1.0,0.0,0.0,0.0
Sri Lanka,2005,1,1,1,0,1.0,0.0,0.0,0.0
Sri Lanka,2006,1,1,1,0,1.0,0.0,0.0,0.0
Sri Lanka,2007,1,1,1,0,1.0,0.0,0.0,0.0
Sri Lanka,2008,1,1,1,0,1.0,0.0,0.0,0.0
Sri Lanka,2009,1,1,1,0,1.0,0.0,0.0,0.0
Sri Lanka,2010,1,1,1,0,1.0,0.0,0.0,0.0
Sri Lanka,2011,1,1,1,0,1.0,0.0,0.0,0.0
Sri Lanka,2012,1,1,1,0,1.0,0.0,0.0,0.0
Sri Lanka,2013,1,1,1,0,1.0,0.0,0.0,0.0
Sri Lanka,2014,1,1,1,0,1.0,0.0,0.0,0.0
Sri Lanka,2015,1,1,1,0,1.0,0.0,0.0,0.0
Sri Lanka,2016,1,1,1,0,1.0,0.0,0.0,0.0
Sri Lanka,2017,1,1,1,0,1.0,0.0,0.0,0.0
Sri Lanka,2018,1,1,1,0,1.0,0.0,0.0,0.0
Sri Lanka,2019,1,1,1,0,1.0,0.0,0.0,0.0
Sri Lanka,2020,1,1,1,0,1.0,0.0,0.0,0.0
Sri Lanka,2021,1,1,1,0,1.0,0.0,0.0,0.0
Sri Lanka,2022,1,1,1,0,1.0,0.0,0.0,0.0
Sri Lanka,2023,1,1,1,0,1.0,0.0,0.0,0.0
Sri Lanka,2024,1,1,1,0,1.0,0.0,0.0,0.0
Sri Lanka,2025,1,1,1,0,1.0,0.0,0.0,0.0
Suriname,2016,2,2,0,0,0.0,0.0,0.0,2.0
Suriname,2017,2,2,0,0,0.0,0.0,0.0,2.0
Suriname,2018,2,2,0,0,0.0,0.0,0.0,2.0
Suriname,2019,2,2,0,0,0.0,0.0,0.0,2.0
Suriname,2020,2,2,0,0,0.0,0.0,0.0,2.0
Suriname,2021,2,2,0,0,0.0,0.0,0.0,2.0
Suriname,2022,2,2,0,0,0.0,0.0,0.0,2.0
Suriname,2023,2,2,0,0,0.0,0.0,0.0,2.0
Suriname,2024,2,2,0,0,0.0,0.0,0.0,2.0
Suriname,2025,2,2,0,0,0.0,0.0,0.0,2.0
Sweden,1998,1,1,0,0,0.0,0.0,0.0,1.0
Sweden,1999,1,1,0,0,0.0,0.0,0.0,1.0
Sweden,2000,1,1,0,0,0.0,0.0,0.0,1.0
Sweden,2001,1,1,0,0,0.0,0.0,0.0,1.0
Sweden,2002,1,1,0,0,0.0,0.0,0.0,1.0
Sweden,2003,1,1,0,0,0.0,0.0,0.0,1.0
Sweden,2004,1,1,0,0,0.0,0.0,0.0,1.0
Sweden,2005,2,2,0,0,0.0,0.0,0.0,2.0
Sweden,2006,3,3,0,0,0.0,0.0,0.0,3.0
Sweden,2007,3,3,0,0,0.0,0.0,0.0,3.0
Sweden,2008,4,4,0,0,0.0,0.0,0.0,4.0
Sweden,2009,4,4,0,0,0.0,0.0,0.0,4.0
Sweden,2010,6,6,0,0,1.0,0.0,0.0,5.0
Sweden,2011,7,7,0,0,1.0,0.0,0.0,6.0
Sweden,2012,7,7,0,0,1.0,0.0,0.0,6.0
Sweden,2013,7,7,0,0,1.0,0.0,0.0,6.0
Sweden,2014,8,8,0,0,1.0,0.0,0.0,7.0
Sweden,2015,8,8,0,0,1.0,0.0,0.0,7.0
Sweden,2016,8,8,0,0,1.0,0.0,0.0,7.0
Sweden,2017,11,11,1,0,2.0,0.0,0.0,9.0
Sweden,2018,12,12,2,0,3.0,0.0,0.0,10.0
Sweden,2019,12,12,2,0,3.0,0.0,0.0,10.0
Sweden,2020,12,12,2,0,3.0,0.0,0.0,10.0
Sweden,2021,12,12,2,0,3.0,0.0,0.0,10.0
Sweden,2022,12,12,2,0,3.0,0.0,0.0,10.0
Sweden,2023,13,13,3,1,4.0,0.0,0.0,10.0
Sweden,2024,13,13,3,1,4.0,0.0,0.0,10.0
Sweden,2025,13,13,3,1,4.0,0.0,0.0,10.0
Switzerland,2013,1,1,1,0,1.0,0.0,0.0,1.0
Switzerland,2014,1,1,1,0,1.0,0.0,0.0,1.0
Switzerland,2015,1,1,1,0,1.0,0.0,0.0,1.0
Switzerland,2016,1,1,1,0,1.0,0.0,0.0,1.0
Switzerland,2017,1,1,1,0,1.0,0.0,0.0,1.0
Switzerland,2018,1,1,1,0,1.0,0.0,0.0,1.0
Switzerland,2019,1,1,1,0,1.0,0.0,0.0,1.0
Switzerland,2020,1,1,1,0,1.0,0.0,0.0,1.0
Switzerland,2021,1,1,1,0,1.0,0.0,0.0,1.0
Switzerland,2022,2,2,1,0,2.0,0.0,0.0,2.0
Switzerland,2023,3,3,1,0,2.0,0.0,0.0,3.0
Switzerland,2024,3,3,1,0,2.0,0.0,0.0,3.0
Switzerland,2025,3,3,1,0,2.0,0.0,0.0,3.0
Taiwan,2009,1,1,1,0,0.0,0.0,0.0,1.0
Taiwan,2010,1,1,1,0,0.0,0.0,0.0,1.0
Taiwan,2011,1,1,1,0,0.0,0.0,0.0,1.0
Taiwan,2012,1,1,1,0,0.0,0.0,0.0,1.0
Taiwan,2013,1,1,1,0,0.0,0.0,0.0,1.0
Taiwan,2014,1,1,1,0,0.0,0.0,0.0,1.0
Taiwan,2015,3,3,3,0,2.0,0.0,0.0,2.0
Taiwan,2016,4,4,4,0,3.0,1.0,0.0,2.0
Taiwan,2017,6,6,6,0,3.0,1.0,0.0,4.0
Taiwan,2018,6,6,6,0,3.0,1.0,0.0,4.0
Taiwan,2019,6,6,6,0,3.0,1.0,0.0,4.0
Taiwan,2020,7,7,7,0,3.0,1.0,0.0,5.0
Taiwan,2021,7,7,7,0,3.0,1.0,0.0,5.0
Taiwan,2022,7,7,7,0,3.0,1.0,0.0,5.0
Taiwan,2023,7,7,7,0,3.0,1.0,0.0,5.0
Taiwan,2024,7,7,7,0,3.0,1.0,0.0,5.0
Taiwan,2025,7,7,7,0,3.0,1.0,0.0,5.0
Tanzania,2022,2,2,2,0,0.0,0.0,0.0,2.0
Tanzania,2023,2,2,2,0,0.0,0.0,0.0,2.0
Tanzania,2024,2,2,2,0,0.0,0.0,0.0,2.0
Tanzania,2025,2,2,2,0,0.0,0.0,0.0,2.0
Thailand,2007,1,1,1,0,0.0,0.0,0.0,1.0
Thailand,2008,1,1,1,0,0.0,0.0,0.0,1.0
Thailand,2009,1,1,1,0,0.0,0.0,0.0,1.0
Thailand,2010,1,1,1,0,0.0,0.0,0.0,1.0
Thailand,2011,1,1,1,0,0.0,0.0,0.0,1.0
Thailand,2012,1,1,1,0,0.0,0.0,0.0,1.0
Thailand,2013,1,1,1,0,0.0,0.0,0.0,1.0
Thailand,2014,1,1,1,0,0.0,0.0,0.0,1.0
Thailand,2015,1,1,1,0,0.0,0.0,0.0,1.0
Thailand,2016,1,1,1,0,0.0,0.0,0.0,1.0
Thailand,2017,2,2,2,1,1.0,0.0,0.0,1.0
Thailand,2018,2,2,2,1,1.0,0.0,0.0,1.0
Thailand,2019,2,2,2,1,1.0,0.0,0.0,1.0
Thailand,2020,2,2,2,1,1.0,0.0,0.0,1.0
Thailand,2021,2,2,2,1,1.0,0.0,0.0,1.0
Thailand,2022,2,2,2,1,1.0,0.0,0.0,1.0
Thailand,2023,2,2,2,1,1.0,0.0,0.0,1.0
Thailand,2024,2,2,2,1,1.0,0.0,0.0,1.0
Thailand,2025,2,2,2,1,1.0,0.0,0.0,1.0
Timor-Leste,2020,1,1,1,0,1.0,0.0,0.0,1.0
Timor-Leste,2021,1,1,1,0,1.0,0.0,0.0,1.0
Timor-Leste,2022,1,1,1,0,1.0,0.0,0.0,1.0
Timor-Leste,2023,1,1,1,0,1.0,0.0,0.0,1.0
Timor-Leste,2024,1,1,1,0,1.0,0.0,0.0,1.0
Timor-Leste,2025,1,1,1,0,1.0,0.0,0.0,1.0
Tunisia,1991,1,1,0,0,0.0,1.0,0.0,0.0
Tunisia,1992,1,1,0,0,0.0,1.0,0.0,0.0
Tunisia,1993,1,1,0,0,0.0,1.0,0.0,0.0
Tunisia,1994,1,1,0,0,0.0,1.0,0.0,0.0
Tunisia,1995,1,1,0,0,0.0,1.0,0.0,0.0
Tunisia,1996,1,1,0,0,0.0,1.0,0.0,0.0
Tunisia,1997,1,1,0,0,0.0,1.0,0.0,0.0
Tunisia,1998,1,1,0,0,0.0,1.0,0.0,0.0
Tunisia,1999,1,1,0,0,0.0,1.0,0.0,0.0
Tunisia,2000,1,1,0,0,0.0,1.0,0.0,0.0
Tunisia,2001,1,1,0,0,0.0,1.0,0.0,0.0
Tunisia,2002,1,1,0,0,0.0,1.0,0.0,0.0
Tunisia,2003,1,1,0,0,0.0,1.0,0.0,0.0
Tunisia,2004,1,1,0,0,0.0,1.0,0.0,0.0
Tunisia,2005,1,1,0,0,0.0,1.0,0.0,0.0
Tunisia,2006,1,1,0,0,0.0,1.0,0.0,0.0
Tunisia,2007,1,1,0,0,0.0,1.0,0.0,0.0
Tunisia,2008,1,1,0,0,0.0,1.0,0.0,0.0
Tunisia,2009,1,1,0,0,0.0,1.0,0.0,0.0
Tunisia,2010,1,1,0,0,0.0,1.0,0.0,0.0
Tunisia,2011,1,1,0,0,0.0,1.0,0.0,0.0
Tunisia,2012,1,1,0,0,0.0,1.0,0.0,0.0
Tunisia,2013,1,1,0,0,0.0,1.0,0.0,0.0
Tunisia,2014,1,1,0,0,0.0,1.0,0.0,0.0
Tunisia,2015,1,1,0,0,0.0,1.0,0.0,0.0
Tunisia,2016,1,1,0,0,0.0,1.0,0.0,0.0
Tunisia,2017,1,1,0,0,0.0,1.0,0.0,0.0
Tunisia,2018,1,1,0,0,0.0,1.0,0.0,0.0
Tunisia,2019,1,1,0,0,0.0,1.0,0.0,0.0
Tunisia,2020,1,1,0,0,0.0,1.0,0.0,0.0
Tunisia,2021,1,1,0,0,0.0,1.0,0.0,0.0
Tunisia,2022,1,1,0,0,0.0,1.0,0.0,0.0
Tunisia,2023,1,1,0,0,0.0,1.0,0.0,0.0
Tunisia,2024,1,1,0,0,0.0,1.0,0.0,0.0
Tunisia,2025,1,1,0,0,0.0,1.0,0.0,0.0
Türkiye,1956,1,1,0,0,0.0,0.0,0.0,1.0
Türkiye,1957,1,1,0,0,0.0,0.0,0.0,1.0
Türkiye,1958,1,1,0,0,0.0,0.0,0.0,1.0
Türkiye,1959,1,1,0,0,0.0,0.0,0.0,1.0
Türkiye,1960,1,1,0,0,0.0,0.0,0.0,1.0
Türkiye,1961,1,1,0,0,0.0,0.0,0.0,1.0
Türkiye,1962,1,1,0,0,0.0,0.0,0.0,1.0
Türkiye,1963,1,1,0,0,0.0,0.0,0.0,1.0
Türkiye,1964,1,1,0,0,0.0,0.0,0.0,1.0
Türkiye,1965,1,1,0,0,0.0,0.0,0.0,1.0
Türkiye,1966,1,1,0,0,0.0,0.0,0.0,1.0
Türkiye,1967,1,1,0,0,0.0,0.0,0.0,1.0
Türkiye,1968,1,1,0,0,0.0,0.0,0.0,1.0
Türkiye,1969,1,1,0,0,0.0,0.0,0.0,1.0
Türkiye,1970,1,1,0,0,0.0,0.0,0.0,1.0
Türkiye,1971,1,1,0,0,0.0,0.0,0.0,1.0
Türkiye,1972,1,1,0,0,0.0,0.0,0.0,1.0
Türkiye,1973,1,1,0,0,0.0,0.0,0.0,1.0
Türkiye,1974,1,1,0,0,0.0,0.0,0.0,1.0
Türkiye,1975,1,1,0,0,0.0,0.0,0.0,1.0
Türkiye,1976,1,1,0,0,0.0,0.0,0.0,1.0
Türkiye,1977,1,1,0,0,0.0,0.0,0.0,1.0
Türkiye,1978,1,1,0,0,0.0,0.0,0.0,1.0
Türkiye,1979,1,1,0,0,0.0,0.0,0.0,1.0
Türkiye,1980,1,1,0,0,0.0,0.0,0.0,1.0
Türkiye,1981,1,1,0,0,0.0,0.0,0.0,1.0
Türkiye,1982,1,1,0,0,0.0,0.0,0.0,1.0
Türkiye,1983,1,1,0,0,0.0,0.0,0.0,1.0
Türkiye,1984,1,1,0,0,0.0,0.0,0.0,1.0
Türkiye,1985,1,1,0,0,0.0,0.0,0.0,1.0
Türkiye,1986,1,1,0,0,0.0,0.0,0.0,1.0
Türkiye,1987,1,1,0,0,0.0,0.0,0.0,1.0
Türkiye,1988,1,1,0,0,0.0,0.0,0.0,1.0
Türkiye,1989,1,1,0,0,0.0,0.0,0.0,1.0
Türkiye,1990,1,1,0,0,0.0,0.0,0.0,1.0
Türkiye,1991,1,1,0,0,0.0,0.0,0.0,1.0
Türkiye,1992,1,1,0,0,0.0,0.0,0.0,1.0
Türkiye,1993,1,1,0,0,0.0,0.0,0.0,1.0
Türkiye,1994,1,1,0,0,0.0,0.0,0.0,1.0
Türkiye,1995,1,1,0,0,0.0,0.0,0.0,1.0
Türkiye,1996,1,1,0,0,0.0,0.0,0.0,1.0
Türkiye,1997,1,1,0,0,0.0,0.0,0.0,1.0
Türkiye,1998,1,1,0,0,0.0,0.0,0.0,1.0
Türkiye,1999,1,1,0,0,0.0,0.0,0.0,1.0
Türkiye,2000,1,1,0,0,0.0,0.0,0.0,1.0
Türkiye,2001,1,1,0,0,0.0,0.0,0.0,1.0
Türkiye,2002,1,1,0,0,0.0,0.0,0.0,1.0
Türkiye,2003,1,1,0,0,0.0,0.0,0.0,1.0
Türkiye,2004,1,1,0,0,0.0,0.0,0.0,1.0
Türkiye,2005,4,4,0,0,0.0,0.0,0.0,4.0
Türkiye,2006,4,4,0,0,0.0,0.0,0.0,4.0
Türkiye,2007,5,5,1,0,0.0,0.0,0.0,5.0
Türkiye,2008,5,5,1,0,0.0,0.0,0.0,5.0
Türkiye,2009,5,5,1,0,0.0,0.0,0.0,5.0
Türkiye,2010,5,5,1,0,0.0,0.0,0.0,5.0
Türkiye,2011,5,5,1,0,0.0,0.0,0.0,5.0
Türkiye,2012,5,5,1,0,0.0,0.0,0.0,5.0
Türkiye,2013,6,6,2,0,0.0,0.0,0.0,6.0
Türkiye,2014,6,6,2,0,0.0,0.0,0.0,6.0
Türkiye,2015,6,6,2,0,0.0,0.0,0.0,6.0
Türkiye,2016,6,6,2,0,0.0,0.0,0.0,6.0
Türkiye,2017,7,7,2,0,0.0,0.0,0.0,6.0
Türkiye,2018,7,7,2,0,0.0,0.0,0.0,6.0
Türkiye,2019,9,9,3,0,1.0,1.0,0.0,8.0
Türkiye,2020,9,9,3,0,1.0,1.0,0.0,8.0
Türkiye,2021,9,9,3,0,1.0,1.0,0.0,8.0
Türkiye,2022,9,9,3,0,1.0,1.0,0.0,8.0
Türkiye,2023,9,9,3,0,1.0,1.0,0.0,8.0
Türkiye,2024,9,9,3,0,1.0,1.0,0.0,8.0
Türkiye,2025,9,9,3,0,1.0,1.0,0.0,8.0
Ukraine,2010,1,1,0,0,0.0,0.0,0.0,1.0
Ukraine,2011,1,1,0,0,0.0,0.0,0.0,1.0
Ukraine,2012,1,1,0,0,0.0,0.0,0.0,1.0
Ukraine,2013,1,1,0,0,0.0,0.0,0.0,1.0
Ukraine,2014,1,1,0,0,0.0,0.0,0.0,1.0
Ukraine,2015,1,1,0,0,0.0,0.0,0.0,1.0
Ukraine,2016,1,1,0,0,0.0,0.0,0.0,1.0
Ukraine,2017,1,1,0,0,0.0,0.0,0.0,1.0
Ukraine,2018,1,1,0,0,0.0,0.0,0.0,1.0
Ukraine,2019,1,1,0,0,0.0,0.0,0.0,1.0
Ukraine,2020,1,1,0,0,0.0,0.0,0.0,1.0
Ukraine,2021,1,1,0,0,0.0,0.0,0.0,1.0
Ukraine,2022,1,1,0,0,0.0,0.0,0.0,1.0
Ukraine,2023,1,1,0,0,0.0,0.0,0.0,1.0
Ukraine,2024,1,1,0,0,0.0,0.0,0.0,1.0
Ukraine,2025,1,1,0,0,0.0,0.0,0.0,1.0
United Arab Emirates,2024,1,1,1,0,1.0,0.0,0.0,1.0
United Arab Emirates,2025,1,1,1,0,1.0,0.0,0.0,1.0
United Kingdom,2001,2,2,1,0,0.0,0.0,0.0,2.0
United Kingdom,2002,3,3,1,0,0.0,0.0,0.0,3.0
United Kingdom,2003,3,3,1,0,0.0,0.0,0.0,3.0
United Kingdom,2004,3,3,1,0,0.0,0.0,0.0,3.0
United Kingdom,2005,3,3,1,0,0.0,0.0,0.0,3.0
United Kingdom,2006,3,3,1,0,0.0,0.0,0.0,3.0
United Kingdom,2007,3,3,1,0,0.0,0.0,0.0,3.0
United Kingdom,2008,7,7,3,0,3.0,0.0,0.0,6.0
United Kingdom,2009,7,7,3,0,3.0,0.0,0.0,6.0
United Kingdom,2010,11,11,4,0,3.0,0.0,0.0,10.0
United Kingdom,2011,11,11,4,0,3.0,0.0,0.0,10.0
United Kingdom,2012,11,11,4,0,3.0,0.0,0.0,10.0
United Kingdom,2013,11,11,4,0,3.0,0.0,0.0,10.0
United Kingdom,2014,12,12,4,0,3.0,0.0,0.0,11.0
United Kingdom,2015,14,14,5,0,3.0,0.0,0.0,13.0
United Kingdom,2016,17,17,7,0,5.0,0.0,0.0,14.0
United Kingdom,2017,17,17,7,0,5.0,0.0,0.0,14.0
United Kingdom,2018,17,17,7,0,5.0,0.0,0.0,14.0
United Kingdom,2019,17,17,7,0,5.0,0.0,0.0,14.0
United Kingdom,2020,23,23,10,0,9.0,0.0,0.0,20.0
United Kingdom,2021,25,25,12,0,11.0,0.0,0.0,22.0
United Kingdom,2022,28,28,14,0,12.0,2.0,0.0,25.0
United Kingdom,2023,37,37,17,1,18.0,3.0,1.0,34.0
United Kingdom,2024,40,40,20,1,18.0,3.0,1.0,37.0
United Kingdom,2025,41,41,21,1,18.0,3.0,1.0,38.0
United States,1972,1,1,1,1,1.0,1.0,0.0,0.0
United States,1973,1,1,1,1,1.0,1.0,0.0,0.0
United States,1974,1,1,1,1,1.0,1.0,0.0,0.0
United States,1975,1,1,1,1,1.0,1.0,0.0,0.0
United States,1976,1,1,1,1,1.0,1.0,0.0,0.0
United States,1977,1,1,1,1,1.0,1.0,0.0,0.0
United States,1978,1,1,1,1,1.0,1.0,0.0,0.0
United States,1979,1,1,1,1,1.0,1.0,0.0,0.0
United States,1980,1,1,1,1,1.0,1.0,0.0,0.0
United States,1981,1,1,1,1,1.0,1.0,0.0,0.0
United States,1982,1,1,1,1,1.0,1.0,0.0,0.0
United States,1983,1,1,1,1,1.0,1.0,0.0,0.0
United States,1984,1,1,1,1,1.0,1.0,0.0,0.0
United States,1985,1,1,1,1,1.0,1.0,0.0,0.0
United States,1986,1,1,1,1,1.0,1.0,0.0,0.0
United States,1987,1,1,1,1,1.0,1.0,0.0,0.0
United States,1988,2,2,2,2,1.0,2.0,0.0,0.0
United States,1989,2,2,2,2,1.0,2.0,0.0,0.0
United States,1990,2,2,2,2,1.0,2.0,0.0,0.0
United States,1991,2,2,2,2,1.0,2.0,0.0,0.0
United States,1992,2,2,2,2,1.0,2.0,0.0,0.0
United States,1993,2,2,2,2,1.0,2.0,0.0,0.0
United States,1994,2,2,2,2,1.0,2.0,0.0,0.0
United States,1995,2,2,2,2,1.0,2.0,0.0,0.0
United States,1996,2,2,2,2,1.0,2.0,0.0,0.0
United States,1997,2,2,2,2,1.0,2.0,0.0,0.0
United States,1998,2,2,2,2,1.0,2.0,0.0,0.0
United States,1999,2,2,2,2,1.0,2.0,0.0,0.0
United States,2000,2,2,2,2,1.0,2.0,0.0,0.0
United States,2001,2,2,2,2,1.0,2.0,0.0,0.0
United States,2002,2,2,2,2,1.0,2.0,0.0,0.0
United States,2003,3,3,3,2,2.0,2.0,0.0,1.0
United States,2004,3,3,3,2,2.0,2.0,0.0,1.0
United States,2005,3,3,3,2,2.0,2.0,0.0,1.0
United States,2006,4,4,3,2,2.0,2.0,0.0,2.0
United States,2007,4,4,3,2,2.0,2.0,0.0,2.0
United States,2008,4,4,3,2,2.0,2.0,0.0,2.0
United States,2009,4,4,3,2,2.0,2.0,0.0,2.0
United States,2010,4,4,3,2,2.0,2.0,0.0,2.0
United States,2011,4,4,3,2,2.0,2.0,0.0,2.0
United States,2012,4,4,3,2,2.0,2.0,0.0,2.0
United States,2013,4,4,3,2,2.0,2.0,0.0,2.0
United States,2014,4,4,3,2,2.0,2.0,0.0,2.0
United States,2015,4,4,3,2,2.0,2.0,0.0,2.0
United States,2016,4,4,3,2,2.0,2.0,0.0,2.0
United States,2017,4,4,3,2,2.0,2.0,0.0,2.0
United States,2018,6,6,5,3,2.0,3.0,0.0,4.0
United States,2019,6,6,5,3,2.0,3.0,0.0,4.0
United States,2020,10,10,9,6,2.0,6.0,0.0,8.0
United States,2021,10,10,9,6,2.0,6.0,0.0,8.0
United States,2022,12,12,11,7,4.0,6.0,0.0,10.0
United States,2023,12,12,11,7,4.0,6.0,0.0,10.0
United States,2024,13,13,12,8,4.0,6.0,0.0,11.0
United States,2025,13,13,12,8,4.0,6.0,0.0,11.0
Uruguay,1988,1,1,0,0,0.0,0.0,0.0,1.0
Uruguay,1989,1,1,0,0,0.0,0.0,0.0,1.0
Uruguay,1990,1,1,0,0,0.0,0.0,0.0,1.0
Uruguay,1991,1,1,0,0,0.0,0.0,0.0,1.0
Uruguay,1992,1,1,0,0,0.0,0.0,0.0,1.0
Uruguay,1993,1,1,0,0,0.0,0.0,0.0,1.0
Uruguay,1994,1,1,0,0,0.0,0.0,0.0,1.0
Uruguay,1995,1,1,0,0,0.0,0.0,0.0,1.0
Uruguay,1996,1,1,0,0,0.0,0.0,0.0,1.0
Uruguay,1997,1,1,0,0,0.0,0.0,0.0,1.0
Uruguay,1998,1,1,0,0,0.0,0.0,0.0,1.0
Uruguay,1999,1,1,0,0,0.0,0.0,0.0,1.0
Uruguay,2000,1,1,0,0,0.0,0.0,0.0,1.0
Uruguay,2001,1,1,0,0,0.0,0.0,0.0,1.0
Uruguay,2002,1,1,0,0,0.0,0.0,0.0,1.0
Uruguay,2003,1,1,0,0,0.0,0.0,0.0,1.0
Uruguay,2004,1,1,0,0,0.0,0.0,0.0,1.0
Uruguay,2005,1,1,0,0,0.0,0.0,0.0,1.0
Uruguay,2006,1,1,0,0,0.0,0.0,0.0,1.0
Uruguay,2007,1,1,0,0,0.0,0.0,0.0,1.0
Uruguay,2008,1,1,0,0,0.0,0.0,0.0,1.0
Uruguay,2009,4,4,0,0,0.0,2.0,0.0,2.0
Uruguay,2010,4,4,0,0,0.0,2.0,0.0,2.0
Uruguay,2011,4,4,0,0,0.0,2.0,0.0,2.0
Uruguay,2012,4,4,0,0,0.0,2.0,0.0,2.0
Uruguay,2013,4,4,0,0,0.0,2.0,0.0,2.0
Uruguay,2014,4,4,0,0,0.0,2.0,0.0,2.0
Uruguay,2015,5,5,0,0,0.0,2.0,0.0,2.0
Uruguay,2016,5,5,0,0,0.0,2.0,0.0,2.0
Uruguay,2017,5,5,0,0,0.0,2.0,0.0,2.0
Uruguay,2018,6,6,1,0,0.0,2.0,0.0,3.0
Uruguay,2019,8,8,1,0,1.0,2.0,0.0,4.0
Uruguay,2020,10,10,1,0,1.0,2.0,0.0,5.0
Uruguay,2021,10,10,1,0,1.0,2.0,0.0,5.0
Uruguay,2022,10,10,1,0,1.0,2.0,0.0,5.0
Uruguay,2023,12,12,1,0,1.0,2.0,0.0,7.0
Uruguay,2024,13,13,1,0,1.0,2.0,0.0,8.0
Uruguay,2025,13,13,1,0,1.0,2.0,0.0,8.0
Uzbekistan,2019,1,1,0,0,0.0,0.0,0.0,1.0
Uzbekistan,2020,1,1,0,0,0.0,0.0,0.0,1.0
Uzbekistan,2021,1,1,0,0,0.0,0.0,0.0,1.0
Uzbekistan,2022,1,1,0,0,0.0,0.0,0.0,1.0
Uzbekistan,2023,1,1,0,0,0.0,0.0,0.0,1.0
Uzbekistan,2024,1,1,0,0,0.0,0.0,0.0,1.0
Uzbekistan,2025,1,1,0,0,0.0,0.0,0.0,1.0
Venezuela,1999,1,1,1,0,1.0,0.0,0.0,1.0
Venezuela,2000,1,1,1,0,1.0,0.0,0.0,1.0
Venezuela,2001,1,1,1,0,1.0,0.0,0.0,1.0
Venezuela,2002,1,1,1,0,1.0,0.0,0.0,1.0
Venezuela,2003,1,1,1,0,1.0,0.0,0.0,1.0
Venezuela,2004,1,1,1,0,1.0,0.0,0.0,1.0
Venezuela,2005,1,1,1,0,1.0,0.0,0.0,1.0
Venezuela,2006,1,1,1,0,1.0,0.0,0.0,1.0
Venezuela,2007,1,1,1,0,1.0,0.0,0.0,1.0
Venezuela,2008,1,1,1,0,1.0,0.0,0.0,1.0
Venezuela,2009,1,1,1,0,1.0,0.0,0.0,1.0
Venezuela,2010,1,1,1,0,1.0,0.0,0.0,1.0
Venezuela,2011,1,1,1,0,1.0,0.0,0.0,1.0
Venezuela,2012,1,1,1,0,1.0,0.0,0.0,1.0
Venezuela,2013,1,1,1,0,1.0,0.0,0.0,1.0
Venezuela,2014,1,1,1,0,1.0,0.0,0.0,1.0
Venezuela,2015,2,2,1,0,1.0,0.0,0.0,2.0
Venezuela,2016,2,2,1,0,1.0,0.0,0.0,2.0
Venezuela,2017,2,2,1,0,1.0,0.0,0.0,2.0
Venezuela,2018,2,2,1,0,1.0,0.0,0.0,2.0
Venezuela,2019,2,2,1,0,1.0,0.0,0.0,2.0
Venezuela,2020,2,2,1,0,1.0,0.0,0.0,2.0
Venezuela,2021,2,2,1,0,1.0,0.0,0.0,2.0
Venezuela,2022,2,2,1,0,1.0,0.0,0.0,2.0
Venezuela,2023,2,2,1,0,1.0,0.0,0.0,2.0
Venezuela,2024,2,2,1,0,1.0,0.0,0.0,2.0
Venezuela,2025,2,2,1,0,1.0,0.0,0.0,2.0
Vietnam,1992,1,1,1,0,1.0,1.0,0.0,1.0
Vietnam,1993,1,1,1,0,1.0,1.0,0.0,1.0
Vietnam,1994,1,1,1,0,1.0,1.0,0.0,1.0
Vietnam,1995,1,1,1,0,1.0,1.0,0.0,1.0
Vietnam,1996,1,1,1,0,1.0,1.0,0.0,1.0
Vietnam,1997,1,1,1,0,1.0,1.0,0.0,1.0
Vietnam,1998,1,1,1,0,1.0,1.0,0.0,1.0
Vietnam,1999,1,1,1,0,1.0,1.0,0.0,1.0
Vietnam,2000,1,1,1,0,1.0,1.0,0.0,1.0
Vietnam,2001,1,1,1,0,1.0,1.0,0.0,1.0
Vietnam,2002,1,1,1,0,1.0,1.0,0.0,1.0
Vietnam,2003,1,1,1,0,1.0,1.0,0.0,1.0
Vietnam,2004,1,1,1,0,1.0,1.0,0.0,1.0
Vietnam,2005,1,1,1,0,1.0,1.0,0.0,1.0
Vietnam,2006,1,1,1,0,1.0,1.0,0.0,1.0
Vietnam,2007,1,1,1,0,1.0,1.0,0.0,1.0
Vietnam,2008,1,1,1,0,1.0,1.0,0.0,1.0
Vietnam,2009,1,1,1,0,1.0,1.0,0.0,1.0
Vietnam,2010,1,1,1,0,1.0,1.0,0.0,1.0
Vietnam,2011,1,1,1,0,1.0,1.0,0.0,1.0
Vietnam,2012,1,1,1,0,1.0,1.0,0.0,1.0
Vietnam,2013,1,1,1,0,1.0,1.0,0.0,1.0
Vietnam,2014,3,3,3,2,1.0,1.0,0.0,3.0
Vietnam,2015,6,6,5,2,4.0,1.0,0.0,3.0
Vietnam,2016,6,6,5,2,4.0,1.0,0.0,3.0
Vietnam,2017,7,7,6,2,5.0,1.0,0.0,3.0
Vietnam,2018,9,9,8,2,7.0,1.0,0.0,3.0
Vietnam,2019,10,10,9,2,7.0,1.0,0.0,4.0
Vietnam,2020,11,11,10,3,7.0,1.0,0.0,5.0
Vietnam,2021,11,11,10,3,7.0,1.0,0.0,5.0
Vietnam,2022,12,12,11,4,8.0,1.0,0.0,5.0
Vietnam,2023,13,13,12,4,8.0,1.0,0.0,6.0
Vietnam,2024,13,13,12,4,8.0,1.0,0.0,6.0
Vietnam,2025,13,13,12,4,8.0,1.0,0.0,6.0
Zambia,2010,2,2,2,0,0.0,2.0,0.0,0.0
Zambia,2011,4,4,4,0,2.0,4.0,0.0,2.0
Zambia,2012,4,4,4,0,2.0,4.0,0.0,2.0
Zambia,2013,4,4,4,0,2.0,4.0,0.0,2.0
Zambia,2014,4,4,4,0,2.0,4.0,0.0,2.0
Zambia,2015,5,5,5,0,2.0,4.0,0.0,3.0
Zambia,2016,6,6,6,1,2.0,4.0,0.0,4.0
Zambia,2017,6,6,6,1,2.0,4.0,0.0,4.0
Zambia,2018,6,6,6,1,2.0,4.0,0.0,4.0
Zambia,2019,6,6,6,1,2.0,4.0,0.0,4.0
Zambia,2020,6,6,6,1,2.0,4.0,0.0,4.0
Zambia,2021,6,6,6,1,2.0,4.0,0.0,4.0
Zambia,2022,6,6,6,1,2.0,4.0,0.0,4.0
Zambia,2023,6,6,6,1,2.0,4.0,0.0,4.0
Zambia,2024,7,7,7,1,3.0,4.0,0.0,5.0
Zambia,2025,7,7,7,1,3.0,4.0,0.0,5.0
Zimbabwe,2023,3,3,3,1,2.0,0.0,0.0,3.0
Zimbabwe,2024,3,3,3,1,2.0,0.0,0.0,3.0
Zimbabwe,2025,3,3,3,1,2.0,0.0,0.0,3.0
