Document ID,Document Title,Family ID,Family Title,Family Summary,Collection Title(s),Collection Description(s),Document Variant,Document Content URL,Reason for extraction being failed,,Language,Source,Geography ISOs,Geographies,First event in timeline,Last event in timeline,Full timeline of events (types),Full timeline of events (dates),Date Added to System,Last Modified on System,Internal Document ID,Internal Family ID,Internal Corpus ID,Internal Collection ID(s),Document Role,Document Type,Category,Framework,Topic/Response,Hazard,Sector,Keyword,Instrument,Author,Author Type,Document URL,Family URL
anp-ordinance-no-249-2000-regulation-on-oil-and-natural-gas-losses_3004,"ANP Ordinance no. 249, 2000, Regulation on oil and natural gas losses",anp-ordinance-no-249-2000-regulation-on-oil-and-natural-gas-losses_8f60,"ANP Ordinance no. 249, 2000, Regulation on oil and natural gas losses","<p>PORTARIA ANP NÂş 249, DE 1Âş.11.2000 - DOU 3.11.2000</p>
<p>The regulation defines the rules for natural gas flaring. These include:</p>
<p>-	The separation of cases in which the flared gas is subject to royalties and the ones in which it is not.</p>
<p>-	The definition of the circumstances where natural gas can be flared.</p>
<p>-	The reasons that concede exemption or not of the need for authorization for flaring.</p>
<p>The limits are defined by the ANP (National Agency of Petroleum, Natural Gas and Biofuels).</p>",,,Original Language,https://www.ibama.gov.br/sophia/cnia/legislacao/AGENCIAS/ANP/PT0249-011100.PDF,"Cant reach this page. Taking too long to respond. Connection timed out during automated extraction. But also could not be reached when checked manually. Message read: 'This site can’t be reached
www.ibama.gov.br took too long to respond.'",,Portuguese,CPR,BRA,Brazil,2002-01-01 00:00:00+00:00,01/01/2002,Passed/Approved,01/01/2002,24/09/2024,15/05/2025,CPR.document.i00002061.n0000,CPR.family.i00002060.n0000,CPR.corpus.i00000001.n0000,,Summary,Regulation,Legislative,,Mitigation,,Industry;Energy,Mitigation,"Standards, obligations and norms|Regulation",,,,
federal-law-15-042-2024_7b8f,Federal Law 15.042/2024,federal-law-15-042-2024-on-the-brazilian-greenhouse-gas-emissions-trading-system-sbce_f7fa,Federal Law 15.042/2024 on the Brazilian Greenhouse Gas Emissions Trading System (SBCE),"<p>This law establishes the Brazilian Greenhouse Gas Emissions Trading System (SBCE). It applies to activities, sources and facilities located in the national territory that emit or may emit greenhouse gases (GHG), under the responsibility of operators, individuals or legal entities, with the exception of primary agricultural production, as well as assets, improvements and infrastructure within rural properties directly associated with it, which are not subject to obligations imposed under the SBCE. Indirect emissions from the production of agricultural inputs or raw materials are also not considered.</p>",,,Original Language,https://pesquisa.in.gov.br/imprensa/jsp/visualiza/index.jsp?data=12/12/2024&jornal=515&pagina=4,"Cant reach the webpage. Message on website read: 'This site can’t be reached
The web page at https://pesquisa.in.gov.br/imprensa/jsp/visualiza/index.jsp?data=12/12/2024&jornal=515&pagina=4 might be temporarily down or it may have moved permanently to a new web address.
ERR_HTTP2_PROTOCOL_ERROR'",,Portuguese,CCLW,BRA,Brazil,2024-12-11 00:00:00+00:00,11/12/2024,Passed/Approved,11/12/2024,15/04/2025,16/04/2025,CCLW.document.i00003259.n0000,CCLW.family.i00003258.n0000,CCLW.corpus.i00000001.n0000,,Main,Law,Legislative,,Mitigation,,Economy-wide,Trading Scheme;GHG,,,,,
energy-from-renewable-sources-act_18bd,Energy from Renewable Sources Act,energy-from-renewable-sources-act_4d88,Energy from Renewable Sources Act,"The Energy from Renewable Sources Act replaces the Renewable and Alternative Energy Sources and Biofuels Act (2008), which was the first national legislation entirely dedicated to the renewable energy sources, mainly introducing the requirements of the related EU directives. The 2008 Act established support mechanisms that provided for 'equal preferential treatment for producers of electricity (green certificates); mandatory inclusion of utilities generating electricity from RES and biofuels into the national grid; establishing preferential prices for purchasing energy generated from RES (feed-in tariffs); and reducing the administrative burden on producers. The Act resulted in a rapid development of RES (wind and photovoltaic), which put upward pressure on electricity prices. As a result in June 2011 the Parliament adopted the Energy from Renewable Sources Act. The new legislation kept RES preferential treatment options but introduced a preference for energy from biomass and shifted the balance of power from RES producers to grid operators and allowed for a substantial reduction of the prices of energy from photovoltaic (PV)'.",,,Translation,https://www.seea.government.bg/documents/Energy_from_Renewable_Sources_Act.pdf,PDF accessed manually,Sorted,English;English,CCLW,BGR,Bulgaria,2011-05-03 00:00:00+00:00,11/04/2014,Passed/Approved;Amended,2011-05-03;2014-04-11,30/11/2023,07/04/2025,CCLW.legislative.1103.3073,CCLW.family.1103.0,CCLW.corpus.i00000001.n0000,,Main,Act,Legislative,,Mitigation,,Energy,Energy Supply,Subsidies|Economic;Capacity building|Governance,,,,
forest-law-no-1700_525a,Forest Law No. 1700,forest-law-no-1700_22c2,Forest Law No. 1700,"This law was written to bring forestry legislation up to standards with the international conventions that Bolivia has signed, including the ratification of the UNFCCC as well as the UN Convention to Combat Desertification and Drought.The law updates the legal framework, shoring up the federal state's authority to regulate the forestry industry and economic land use. The objective listed in the law's text is to establish legal norms for the sustainable use and protection of national forests, harmonising social, economic and ecological interests for present and future generations.The law creates a Regimen of National Forests to be overseen by a national Forestry Superintendent, and a National Forest Development Fund; all of which are under the Ministry of Sustainable Development and Environment (now called the Ministry of Environment and Water).This is an early legislative action to combat desertification in Bolivia, mitigate the negative effects of GHG emissions through the conservation of tropical forests, and preserve the natural environment for future generations. While climate change was one driver for this law, explicit mention of climate change is marginal to the logic of conservation; and the Law of Mother Earth (listed above as the national flagship legislation) now occupies the main role in incorporating mitigation and adaptation strategies to forestry management.",,,,https://www.tribunalagroambiental.bo/wp-content/uploads/2021/01/ley_1700gaceta.pdf,PDF accessed manually,Sorted,,CCLW,BOL,Bolivia,1996-09-12 00:00:00+00:00,12/09/1996,Passed/Approved,12/09/1996,30/11/2023,14/01/2025,CCLW.legislative.1088.0,CCLW.family.1088.0,CCLW.corpus.i00000001.n0000,,Main,Law,Legislative,,Adaptation;Mitigation,,,REDD+ And LULUCF,,,,,
disaster-management-regulations-2016_b8d1,"Disaster Management Regulations, 2016",disaster-management-act-no-17-of-2015_be8e,Disaster Management Act (No. 17 of 2015),"<p>This Act provides guidelines and measures for disaster prevention, preparedness, mitigation and response measures and establishes the Disaster Management Agency and the Disaster Management Fund. The Agency is established as a body corporate and shall be managed by the Disaster Management Council. The Act also designates Regional, District, Ward and Village Disaster Management Committees. The Agency shall, with approval of the Minister, prepare and maintain the Disaster Management Plan.</p>
",,,Original Language,https://drmims.sadc.int/sites/default/files/document/2020-03/Tanzania_DM%20ACT%20REGULATIONS%202016.pdf,"Cant reach this page. Taking too long to respond. Connection timed out during automated extraction. But also could not be reached when checked manually. Message read: 'This site can’t be reached
drmims.sadc.int took too long to respond.'",,English,CCLW,TZA,Tanzania,2015-05-11 00:00:00+00:00,01/02/2017,Passed/Approved;Entered Into Force,2015-05-11;2017-02-01,22/11/2024,25/11/2024,CCLW.document.i00001617.n0000,CCLW.family.9222.0,CCLW.corpus.i00000001.n0000,,Supporting Legislation,Regulation,Legislative,,Adaptation;Disaster Risk Management,,,Adaptation,Capacity building|Governance;Institutional mandates|Governance,,,,
climate-change-amendment-act-2023_6f93,"Climate Change (Amendment) Act, 2023",climate-change-act_e5f8,Climate Change Act,"<p>Kenya passed its Climate Change Act in 2016. This Act was subsequently amended in September 2023 to, amongst other amendments, provide a legal framework for regulation of carbon markets. The Climate Change Council is entrusted to provide guidance and policy direction on carbon markets to national and county governments. The 2023 amendment places an obligation on proponents of carbon trading projects to specify the anticipated environmental, economic and social benefits of the project. All projects shall be implemented through a community development agreement, recorded in the National Carbon Registry. For land-based projects, the agreement should provide an annual contribution of at least 40% of the aggregate earnings, whilst non-land-based projects require 25%.&nbsp;</p>
<p>This Act provides a framework for promoting climate resilient low carbon economic development. It aims to:</p>
<ol>
<li>mainstream climate change responses into development planning, decision making and implementation;</li>
<li>build resilience and enhance adaptive capacity to the impacts of climate change;</li>
<li>formulate programmes and plans to enhance the resilience and adaptive capacity of human and ecological systems to the impacts of climate change;</li>
<li>mainstream and reinforce climate change disaster risk reduction in strategies and actions of public and private entities;</li>
<li>mainstream intergenerational and gender equity in all aspects of climate change responses;</li>
<li>provide incentives and obligations for private sector contributions to achieving low carbon climate resilient development;</li>
<li>promote low carbon technologies to improve efficiency and reduce emissions intensity by facilitating approaches and uptake of technologies that support low carbon, and climate resilient development;</li>
<li>facilitate capacity development for public participation in climate change responses through awareness creation, consultation, representation and access to information;</li>
<li>mobilize and transparently manage public and other financial resources for climate change response;</li>
<li>provide mechanisms for, and facilitate climate change research and development, training and capacity building;</li>
<li>mainstream the principle of sustainable development into the planning for and decision making on climate change response; and</li>
<li>integrate climate change into the exercise of power and functions of all levels of governance, and to enhance cooperative climate change governance between national government and county governments'.</li>
</ol>
<p>The Act establishes a National Climate Change Council, chaired by the President, with Deputy President as vice-chair, that provides an overarching national climate change coordination mechanism. It also establishes the Climate Change Directorate - Secretariat to the Council and the lead agency of the government on national climate change plans and actions. The prerogatives of the National Climate Change Council include (Art 6):</p>
<ol>
<li>ensure the mainstreaming of the climate change function by the national and county governments;</li>
<li>approve and oversee implementation of the National Climate Change Action Plan</li>
<li>advise the national and county governments on legislative, policy and other measures necessary for climate change response and attaining low carbon climate change resilient development;</li>
<li>approve a national gender and intergenerational responsive public education awareness strategy and implementation programme;</li>
<li>provide policy direction on research and training on climate change including on the collation and dissemination of information relating to climate change to the national and county governments, the public and other stakeholders;</li>
<li>provide guidance on review, amendment and harmonization of sectoral laws and policies in order to achieve the objectives of the Act;</li>
<li>administer the Climate Change Fund;</li>
<li>set the targets for the regulation of greenhouse gas emissions'.</li>
</ol>
<p><br>The Act allows the Council to impose climate change obligations on private entities (Art 16), and stipulates investigation, monitoring and enforcement powers.<br> <br>The Act also mandates the Cabinet Secretary to formulate a National Climate Change Action Plan, to be then updated every five years, with implementation review conducted every two years.<br> <br> The Act allows Citizens to apply to the Environment and Land Court ""alleging that a person has acted in a manner that has or is likely to adversely affect efforts towards mitigation and adaptation to the effects of climate change"" and the court may order a discontinuance or prevention of these actions, and may ""provide compensation to a victim of a violation relating to climate change duties."" It is stipulated that no proof of loss or injury by the applicant is necessary (Art 23).<br> <br> The Act also empowers the National Climate Change Council to assign duties relating to climate change and implementation of the Climate Change Action Plan to both public and private entities (Part IV). It also establishes the Climate Change Fund as the financing mechanism for priority climate change actions and interventions approved by the council. The Fund revenue should come from (Art 25):</p>
<ol>
<li>'monies appropriated from the Consolidated Fund by an Act of Parliament;</li>
<li>monies received byt eh Fund in the form of donations, endowments, grants and gifts; and</li>
<li>monies under and Act payable to the Fund'.</li>
</ol>
",,,,https://kenyalaw.org/kl/fileadmin/pdfdownloads/Acts/2023/TheClimateChange_Amendment_Act_No.9of2023.pdf,PDF accessed manually,Sorted,English,CCLW,KEN,Kenya,2016-05-06 00:00:00+00:00,15/09/2023,Passed/Approved;Amended,2016-05-06;2023-09-15,05/09/2024,29/10/2024,CCLW.document.i00001500.n0000,CCLW.family.2042.0,CCLW.corpus.i00000001.n0000,,Main,Act,Legislative,Adaptation;Mitigation,Adaptation;Disaster Risk Management;Mitigation,,Buildings;Transport,Adaptation;Institutions / Administrative Arrangements;Energy Supply;Energy Demand;Transport,"Standards, obligations and norms|Regulation;Processes, plans and strategies|Governance;Research & Development, knowledge generation|Information",,,,
law-no-121-on-offshore-wind-energy_a27d,Law no. 121 on offshore wind energy,law-no-121-on-offshore-wind-energy_03d1,Law No. 121 on offshore wind energy,"<p>In May 2024, Romania adopted its first offshore wind energy law. The law creates the legislative framework to develop offshore wind projects in the Romanian Black Sea.</p>
",,,,https://www.cdep.ro/pls/legis/legis_pck.htp_act?ida=203222,"Cant reach this page. Taking too long to respond. Connection timed out during automated extraction. But also could not be reached when checked manually. Message read: 'This site can’t be reached
www.cdep.ro took too long to respond.'",,Romanian,CCLW,ROU,Romania,2024-04-30 00:00:00+00:00,30/04/2024,Entered Into Force,30/04/2024,31/07/2024,29/10/2024,CCLW.document.i00001425.n0000,CCLW.family.i00001424.n0000,CCLW.corpus.i00000001.n0000,,Main,Law,Legislative,,Mitigation,,Energy,Renewables;Energy Transition;Wind,,,,,
information-paper-incorporating-an-emissions-reduction-objective-into-the-national-energy-objectives_9d41,Information paper: Incorporating an emissions reduction objective into the national energy objectives,statutes-amendment-national-energy-laws-emissions-reduction-objectives-act-2023_579d,Statutes Amendment (National Energy Laws) (Emissions Reduction Objectives) Act 2023,"<p>This Act amends the National Electricity (South Australia) Act 1996, the National Energy Retail Law (South Australia) Act 2011 and the National Gas (South Australia) Act 2008. It amends the statutory objective of all three Acts to require national authorities to undertake their obligations in a way that gives respect to emissions reduction targets and associated climate targets for participating jurisdictions (including both national and subnational governments). A government memorandum explaining priority rule changes to give effect to the objective is also included with this entry.</p>
<p></p>
",,,Original Language,https://www.energy.gov.au/sites/default/files/2023-06/Incorporating%20an%20emissions%20reduction%20objective%20into%20the%20national%20energy%20objectives%20-%20Information%20Paper.pdf,PDF accessed manually,,English,CCLW,AUS,Australia,2023-09-21 00:00:00+00:00,21/09/2023,Passed/Approved,21/09/2023,22/07/2024,29/10/2024,CCLW.document.i00001377.n0000,CCLW.family.i00001375.n0000,CCLW.corpus.i00000001.n0000,,Supporting Documentation,"Publication,Report",Legislative,,Mitigation,,Energy,,,,,,
physical-and-land-use-planning-act-2019_abab,Physical and Land Use Planning Act 2019 ,physical-and-land-use-planning-act_1616,Physical and Land Use Planning Act ,"<p>This Act implements the need to combat climate change in the contents ofphysical and land use planning acts.<br></p>
",,,Original Language,https://kenyalaw.org/kl/fileadmin/pdfdownloads/Acts/2019/PhysicalandLandUsePlanningAct_No13of2019.pdf,PDF accessed manually,Sorted,English,CCLW,KEN,Kenya,2019-07-16 00:00:00+00:00,16/07/2019,Entered Into Force;Passed/Approved,2019-05-06;2019-07-16,20/05/2024,29/10/2024,CCLW.document.i00001202.n0000,CCLW.family.i00001201.n0000,CCLW.corpus.i00000001.n0000,,Main,Act,Legislative,,,,Other,Climate Change;Land Use,,,,,
the-environment-and-climate-adaptation-levy-act-2015-revised-to-1-st-april-2022_9224,The Environment and Climate Adaptation Levy Act 2015 [Revised to 1 st April 2022],environment-and-climate-adaptation-levy-act-2015_07fd,Environment and Climate Adaptation Levy Act 2015,"<p><span style=""color: rgb(26,32,44);background-color: rgb(255,255,255);font-size: medium;"">The act No.36/2017 amends the Environmental Levy Act of 2015 by deleting the notion of Environmental Levy and substituting it with 'Environmental and Climate Adapation Levy'.  The act establishes environment and climate adaptation levies on prescribed services, items and income. </span></p>
<p>The act was amended by the Plastic Bags Regulations 2017 (L.N. No. 61 of 2017), made under section 17 of the Environment and Climate Adaptation Levy Act 2015, which introduce an Environment and Climate Adaptation Levy charged on plastic bags. This Charge must be collected by a cashier at the point at which a plastic bag is provided by the business to a consumer. It shall then be paid to the Chief Executive Officer and Commissioner of Inland Revenue (CEO).</p>
<p></p>
<p></p>
",,,,https://www.frcs.org.fj/wp-content/uploads/2022/05/Environment-and-Climate-Adaptation-Levy-Act-2015-Revised-1-April-2022.pdf,PDF accessed manually,,English,CCLW,FJI,Fiji,2016-01-01 00:00:00+00:00,01/01/2022,Amended;Passed/Approved;Amended;Amended,2017-07-14;2016-01-01;2017-08-01;2022-01-01,04/05/2024,22/11/2024,CCLW.document.i00001112.n0000,CCLW.family.9146.0,CCLW.corpus.i00000001.n0000,,Summary,Summary,Legislative,,Adaptation,,Transport,Adaptation,Tax incentives|Economic,,,,
regulation-on-environmental-impact-assessment_2532,Regulation on Environmental Impact Assessment ,regulation-on-environmental-impact-assessment_820d,Regulation on Environmental Impact Assessment ,"<p>This document seeks to regulate the procedures by which Environmental Impact Assessments (EIAs) are created and evaluated, as well as the principles undergirding them. It is listed as one of the relevant laws contributing to climate change mitigation in Turkeyâ€™s 2023 Nationally Determined Contributions (NDC).&nbsp;&nbsp;</p>
",,,Original Language,https://faolex.fao.org/docs/pdf/tur214574.pdf ,PDF accessed manually,,Turkish,CCLW,TUR,TĂĽrkiye,2022-07-29 00:00:00+00:00,29/07/2022,Passed/Approved;Entered Into Force,2022-07-29;2022-07-29,24/01/2024,29/10/2024,CCLW.document.i00000404.n0000,CCLW.family.i00000403.n0000,CCLW.corpus.i00000001.n0000,,Main,Regulation,Legislative,,,,Environment,Environmental Impact Assessment,,,,,
regulation-on-fluorinated-greenhouse-gases_c0c9,Regulation on Fluorinated Greenhouse Gases ,regulation-on-florinated-greenhouse-gases_4eb8,Regulation on Florinated Greenhouse Gases ,"<p>This regulation implements the 1983 Environmental Law and Law No. 4990 on ratifying the United Nations Framework Convention on Climate Change. It aims to regulate the emission of fluorinated greenhouse gases.&nbsp;&nbsp;</p>
",,,Original Language,https://faolex.fao.org/docs/pdf/tur214678.pdf  ,PDF accessed manually,,Turkish,CCLW,TUR,TĂĽrkiye,2022-06-29 00:00:00+00:00,29/06/2022,Passed/Approved;Entered Into Force,2022-06-29;2022-06-29,24/01/2024,29/10/2024,CCLW.document.i00000400.n0000,CCLW.family.i00000399.n0000,CCLW.corpus.i00000001.n0000,,Main,Regulation,Legislative,,,,Environment,Air Pollution,,,,,
regulation-on-the-conditions-of-access-to-the-carbon-dioxide-transport-network-procedure-and-criteria-for-acceptance-of-carbon-dioxide-flows_8757,"Regulation on the conditions of access to the carbon dioxide transport network, procedure and criteria for acceptance of carbon dioxide flows",regulation-on-the-conditions-of-access-to-the-carbon-dioxide-transport-network-procedure-and-criteria-for-acceptance-of-carbon-dioxide-flows_f62b,"Regulation on the Conditions of Access to the Carbon Dioxide Transport Network, Procedure and Criteria for Acceptance of Carbon Dioxide Flows ","<p>This regulation determines the acceptance conditions of carbon dioxide flows and of access to its transport network. It is based on the provisions of Montenegro's Climate Change Laws.&nbsp;&nbsp;</p>
",Montenegro's Climate Change Law Provisions ,"The regulations and decrees that make up this collection are based on the provisions of Montenegroâ€™s Climate Change Law, or Montenegro's Law on Protection from the Negative Impacts of Climate Change. ",Original Language,https://faolex.fao.org/docs/pdf/mne200742.pdf ,PDF accessed manually,,Serbo-Croatian,CCLW,MNE,Montenegro,2021-02-13 00:00:00+00:00,13/02/2021,Entered Into Force,13/02/2021,07/01/2024,29/10/2024,CCLW.document.i00000215.n0000,CCLW.family.i00000132.n0000,CCLW.corpus.i00000001.n0000,CCLW.collection.i00000126.n0000,Main,Regulation,Legislative,,Mitigation,,,,,,,,
2023-budget_dec2,2023 Budget,bipartisan-budget-act-of-2018-h-r-1892_211e,Bipartisan Budget Act of 2018 (H.R.1892),"<p>This Act is an extensive piece of legislation dealing with budget and spending at the federal level. It notably <br><br>An increased tax credit for carbon capture projects is set up in Title II on miscellaneous provisions, SEC. 41119 on enhancement of carbon dioxide sequestration credit and SEC. 45 Q on credit for carbon oxide sequestration. This credit concerns traditional CCS, direct air capture and carbon monoxide capture.&nbsp;</p>
",,,,https://www.whitehouse.gov/wp-content/uploads/2022/03/budget_fy2023.pdf,"This www.whitehouse.gov page can’t be found
No web page was found for the web address: https://www.whitehouse.gov/wp-content/uploads/2022/03/budget_fy2023.pdf",,English,CCLW,USA,United States,2018-02-09 00:00:00+00:00,01/03/2022,Passed/Approved;Amended,2018-02-09;2022-03-01,30/11/2023,29/10/2024,CCLW.legislative.9721.6502,CCLW.family.9721.0,CCLW.corpus.i00000001.n0000,,Main,Law,Legislative,,Adaptation;Mitigation,,Energy;Industry,Carbon Pricing;Carbon Capture and Storage,Tax incentives|Economic,,,,
law-no-72021-129b,Law No. 7/2021,law-no-7-on-the-harmonisation-of-tax-regulations-0646,Law No. 7 on the Harmonisation of Tax Regulations ,"<p>Law No. 7 on the Harmonisation of Tax Regulations contains provisions on the carbon pricing instruments in Indonesia, including a carbon tax. Article 13 stipulates that Indonesiaâ€™s carbon tax has been introduced to control greenhouse gas (GHG) emissions and to support the achievement of the emissions reduction targets outlined in Indonesiaâ€™s NDC. To support the implementation of the carbon tax, a carbon tax roadmap will be produced, containing an emissions reduction strategy that reiterates Indonesiaâ€™s commitment to achieving net zero GHG emissions by 2060, will identify priority sectors for taxation (such as the forestry sector which accounts for 97% of Indonesiaâ€™s NDC emissions reduction target) and identify sectoral targets. Article 13 further outlines the timescales along which this carbon tax will be implemented and outlines plans for expanding carbon pricing in the future. The Law states that the carbon tax rate will be made higher than or equal to the domestic carbon price.</p>",,,,https://jdih.setkab.go.id/PUUdoc/176559/Salinan_UU_Nomor_7_Tahun_2021.pdf,"This site can’t be reached
jdih.setkab.go.id’s server IP address could not be found.",,Indonesian,CCLW,IDN,Indonesia,2021-10-29 00:00:00+00:00,29/10/2021,Entered Into Force,29/10/2021,30/11/2023,29/10/2024,CCLW.legislative.rtl_89.rtl_317,CCLW.family.rtl_89.0,CCLW.corpus.i00000001.n0000,,Main,Law,Legislative,,Mitigation,,Energy;Cross Cutting Area,Carbon Pricing;Tax;Net Zero,Carbon pricing & emissions trading|Economic,,,,
greenhouse-gas-reduction-and-management-act_2a69,Greenhouse Gas Reduction and Management Act,greenhouse-gas-reduction-and-management-act_1357,Climate Change Response Act,"<p>This Act amends and renames the Greenhouse Gas Reduction and Management Act 2015. This Act establishes Taiwan's goal to achieve net zero emissions by 2050 and sets out requirements to formulate decarbonisation and adaptation strategies. The Act also defines a just transition and requires competent authorities to consult with communities that are impacted by the transition, establish national just transition action programs and allocate funds towards such plans.&nbsp;</p>
<p>This Act prescribes multiple decarbonisation measures, including a cap-and-trade system, carbon levies for domestic emission sources, subsidies and grants to incentivise green technologies, requirements to label carbon footprint on products, and a tax on imports of carbon intensive products designated by regulatory authorities. There are provisions setting out corresponding penalties for non-compliance.&nbsp;</p>
<p>This Act also establishes a GHG Management Fund, which is derived multiple sources, including the carbon levies and the state's budget.&nbsp;</p>
",,,,https://adapt.epa.gov.tw/eng/dispPageBox/files/741.pdf,"This site can’t be reached
adapt.epa.gov.tw’s server IP address could not be found.",,English,CCLW,TWN,Taiwan,2015-07-01 00:00:00+00:00,15/02/2023,Passed/Approved;Amended,2015-07-01;2023-02-15,30/11/2023,29/10/2024,CCLW.legislative.8616.1517,CCLW.family.8616.0,CCLW.corpus.i00000001.n0000,,Previous Version,Act,Legislative,Adaptation;Mitigation,Adaptation;Mitigation,,Agriculture;Environment;LULUCF;Transport,Adaptation;Carbon Pricing;Transport;Institutions / Administrative Arrangements;Energy Supply;Research And Development;REDD+ And LULUCF;Energy Demand,"Tax incentives|Economic;Nature based solutions and ecosystem restoration|Direct Investment;Capacity building|Governance;Processes, plans and strategies|Governance",,,,
decree-no-08-2022-nd-cp_2587,Decree No. 08/2022/ND-CP,law-on-environmental-protection_41ac,Law on Environmental Protection,"<p>The Law specifies that environmental protection should be in harmony with economic development, social protection, biodiversity protection and adapting to climate change. The revised law replaces a previous version published in 2005 and states that protecting the environment is the responsibility of all agencies, organisations, households and individuals; that organisations and individuals that benefit from the environment are responsible for providing financial support for environmental protection activities; and also outlines a polluter-pays principle.It recommends that the development and use of clean and renewable forms of energy be encouraged to reduce GHG emissions and to protect the ozone layer. It also specifies that a road map is to be developed so that Vietnam may take part in global GHG mitigation activities that are appropriate with respect to the country's socio-economic circumstances and the international treaties of which Vietnam is a member.The law requires the development of a National Environmental Protection Plan to assess current environmental status, and environmental and climate change forecasts. Seven decrees are currently being developed by the Ministry of Natural Resources and Environment to guide the implementation of the law.</p>",Vietnam's Laws on Environmental Protection,,,https://monre.gov.vn/VanBan/Lists/VanBanHanhChinh/Attachments/277/08-2022-ND%20quy%20dinh%20chi%20tiet%20mot%20so%20dieu%20cua%20Luat%20Bao%20ve%20moi%20truong%20(10.01.2022).pdf,"Privacy error: Your connection is not private
Attackers might be trying to steal your information from monre.gov.vn (for example, passwords, messages or credit cards). Learn more about this warning
net::ERR_CERT_COMMON_NAME_INVALID",,Vietnamese,CCLW,VNM,Vietnam,2014-06-23 00:00:00+00:00,01/01/2022,Passed/Approved;Entered Into Force;Amended;Entered Into Force,2014-06-23;2022-01-01;2020-11-17;2015-01-01,30/11/2023,13/05/2025,CCLW.legislative.1790.6600,CCLW.family.1790.0,CCLW.corpus.i00000001.n0000,CCLW.collection.i00001547.n0000,Supporting Legislation,Law,Legislative,Mitigation;Adaptation,Mitigation,,Environment,Tax Incentives;Trading Scheme,"Standards, obligations and norms|Regulation;Carbon pricing & emissions trading|Economic;Planning|Governance;Processes, plans and strategies|Governance;MRV|Governance",,,,
buildings-energy-act-geg_fc59,Buildings Energy Act (GEG; 2020 version),buildings-energy-act-geg_ec47,Buildings Energy Act (GEG),"<p>This document's full name is&nbsp;the Law on saving energy and using renewable energies for heating and cooling in buildings. It replaces the Energy Conservation Act (Energieeinsparungsgesetz, EnEG), the Energy Saving Ordinance (Energieeinsparverordnung, EnEV) and the Act on the Promotion of Renewable Energies in the Heat Sector (EEWĂ¤rmeG). The new Buildings Energy Act sets out requirements for the energy performance of buildings, the issuing and use of energy performance certificates, and the use of renewable energy in buildings.&nbsp;</p><p><br></p><p>The Act was reformed in 2022, with the amendment entering into force at the beginning of 2023. The amended Act raised standards regarding new buildings and reduced the permissible annual energy demand in new buildings from 75% to 55%.</p>",,,Original Language,https://www.bgbl.de/xaver/bgbl/text.xav?SID=&tf=xaver.component.Text_0&tocf=&qmf=&hlf=xaver.component.Hitlist_0&bk=bgbl&start=%2F%2F*%5B%40node_id%3D%27941169%27%5D&skin=pdf&tlevel=-2&nohist=1&sinst=AB7AE373,Leading to no where. Blank page.,,English;German,CCLW,DEU,Germany,2020-08-13 00:00:00+00:00,20/07/2022,Amended;Passed/Approved,2022-07-20;2020-08-13,30/11/2023,29/10/2024,CCLW.legislative.10751.6023,CCLW.family.10751.0,CCLW.corpus.i00000001.n0000,,Previous Version,Act,Legislative,,Mitigation,,Buildings,,"Standards, obligations and norms|Regulation",,,,
law-no-32-on-the-electric-sector_bc2d,Law no 32 on the electric sector,law-no-32-on-the-electric-sector_c3be,Law no 32 on the electric sector,"<p><br><br><br><br><br><br>The Law no 32/2010 on the electric sector modifies the institutional framework regulating the electricity market. Articles 2 (3) and 3 (1) aim at supporting the production and use of renewable energy, alongside enhanced energy efficiency. Article 28 sets preferable tariffs to small private producers and from industrial actors when the energy surplus can be sent to the grid.<br><br><br><br><br><br><br></p>
",,,,https://tde.gov.sy/sites/default/files/2020-11/%D8%A7%D9%84%D9%82%D8%A7%D9%86%D9%88%D9%86%20%D8%B1%D9%82%D9%85%2032%20%D9%84%D8%B9%D8%A7%D9%85%202010.pdf,"Cant reach this page. Taking too long to respond. Connection timed out during automated extraction. But also could not be reached when checked manually. Message read: 'This site can’t be reached
tde.gov.sy took too long to respond.'",,,CCLW,SYR,Syria,2010-11-14 00:00:00+00:00,14/11/2010,Passed/Approved,14/11/2010,30/11/2023,29/10/2024,CCLW.legislative.8558.0,CCLW.family.8558.0,CCLW.corpus.i00000001.n0000,,Main,Law,Legislative,,Mitigation,,Energy;Industry,Institutions / Administrative Arrangements;Energy Supply;Energy Demand,Tax incentives|Economic,,,,
the-mother-earth-law-and-integral-development-to-live-well-law-no-300_a11c,"The Mother Earth Law and Integral Development to Live Well, Law No 300",the-mother-earth-law-and-integral-development-to-live-well-law-no-300_42c0,"The Mother Earth Law and Integral Development to Live Well, Law No 300","The Mother Earth Law is a piece of legislation that epitomises Bolivia's dedication to sustainable development, respecting the balance between human life and the natural environment, and prioritising the rights and knowledge of the country's majority indigenous population. The expressed objective of the law is to 'establish the vision and fundamentals of integral development in harmony and balance with Mother Earth to Live Well, guaranteeing the continued capacity of Mother Earth to regenerate natural systems, recuperating and strengthening local and ancestral practices, within the framework of rights, obligations and responsibilities'.  In relation to climate change the law has many provisions that outline the state's vision, citizens' rights, and responsibilities. It embraces the concept of 'climate justice', defined by the ability of all Bolivian citizens to 'Live Well', especially those who are most vulnerable to climate change. It reinforces the point that some states have more of a global responsibility to respond to climate change.  To encourage sustainable development of natural resources, it states that climate change trajectories should be accounted for when planning and zoning responsible land use.  The law focuses on reducing the risks posed by climate change through six lines of actions:The permanent incorporation of prevention of and managed response to natural disasters into the System of Integral PlanningRisk management for the agricultural sector to prevent diminished crop yields and food insecurityThe adoption of risk management of disasters as well as adaption to climate change across state development projects; development of informational networks to issue early warnings in times of natural crisis as well as to assist the agricultural industry and indigenous communities plan according to climate conditionsStrengthening territorial management processes of sub-national governments through the incorporation of risk management and adaption to climate change perspectivesArticulation between public and private scientific research sectors to share knowledge and co-ordinate research regarding vulnerabilities related to climate change The Law defines 'Living Well' in relation to climate change and lays out the state's legal obligations. The state will develop policies, strategies and legal techniques to mitigate the effects of climate change and adapt to them through strengthening institutional capacities for the monitoring of climate with the purpose of long-term planning. The state will also encourage the recuperation of traditional indigenous practices that were historically sustainable and allowed for the natural regeneration of resources.  The law also establishes the Plurinational Authority of Mother Earth, within the Ministry of Environment and Water, as the state entity responsible for much of the development, overseeing and co-ordination of projects, programmes and research as it relates to climate change and the objectives of the Plurinational Plan for Climate Change. It also co-ordinates scientific monitoring of GHG emissions. The entity will operate within the framework of 'climate justice,' following the principles of Bolivia's climate change politics.  The Authority will operate through three mechanisms: (1) Joint Mechanism of Mitigation and Adaptation for the Integral and Sustainable Management of Mother Earth's Forests; (2) Mitigation Mechanism to 'Living Well'; and (3) Adaptation Mechanism to 'Living Well'.  The Authority is also responsible for the management of the Plurinational Fund of Mother Earth. The Fund will be financed with multilateral and bilateral aid, public money from the national government allocated to mitigation or adaptation, funds from private donors, national or international loans, and funds at the disposal of the executive branch.","The Mother Earth Law and Integral Development to Live Well, Framework Law No 300","The Mother Earth Law is a piece of legislation that epitomises Bolivia's dedication to sustainable development, respecting the balance between human life and the natural environment, and prioritising the rights and knowledge of the country's majority indigenous population. The expressed objective of the law is to 'establish the vision and fundamentals of integral development in harmony and balance with Mother Earth to Live Well, guaranteeing the continued capacity of Mother Earth to regenerate natural systems, recuperating and strengthening local and ancestral practices, within the framework of rights, obligations and responsibilities'.
 
 In relation to climate change the law has many provisions that outline the state's vision, citizens' rights, and responsibilities. It embraces the concept of 'climate justice', defined by the ability of all Bolivian citizens to 'Live Well', especially those who are most vulnerable to climate change. It reinforces the point that some states have more of a global responsibility to respond to climate change.
 
 To encourage sustainable development of natural resources, it states that climate change trajectories should be accounted for when planning and zoning responsible land use.
 
 The law focuses on reducing the risks posed by climate change through six lines of actions:
The permanent incorporation of prevention of and managed response to natural disasters into the System of Integral Planning
Risk management for the agricultural sector to prevent diminished crop yields and food insecurity
The adoption of risk management of disasters as well as adaption to climate change across state development projects; development of informational networks to issue early warnings in times of natural crisis as well as to assist the agricultural industry and indigenous communities plan according to climate conditions
Strengthening territorial management processes of sub-national governments through the incorporation of risk management and adaption to climate change perspectives
Articulation between public and private scientific research sectors to share knowledge and co-ordinate research regarding vulnerabilities related to climate change
 
 The Law defines 'Living Well' in relation to climate change and lays out the state's legal obligations. The state will develop policies, strategies and legal techniques to mitigate the effects of climate change and adapt to them through strengthening institutional capacities for the monitoring of climate with the purpose of long-term planning. The state will also encourage the recuperation of traditional indigenous practices that were historically sustainable and allowed for the natural regeneration of resources.
 
 The law also establishes the Plurinational Authority of Mother Earth, within the Ministry of Environment and Water, as the state entity responsible for much of the development, overseeing and co-ordination of projects, programmes and research as it relates to climate change and the objectives of the Plurinational Plan for Climate Change. It also co-ordinates scientific monitoring of GHG emissions. The entity will operate within the framework of 'climate justice,' following the principles of Bolivia's climate change politics.
 
 The Authority will operate through three mechanisms: (1) Joint Mechanism of Mitigation and Adaptation for the Integral and Sustainable Management of Mother Earth's Forests; (2) Mitigation Mechanism to 'Living Well'; and (3) Adaptation Mechanism to 'Living Well'.
 
 The Authority is also responsible for the management of the Plurinational Fund of Mother Earth. The Fund will be financed with multilateral and bilateral aid, public money from the national government allocated to mitigation or adaptation, funds from private donors, national or international loans, and funds at the disposal of the executive branch.",,https://mineria.gob.bo/juridica/20121015-11-39-39.pdf,"This www.mineria.gob.bo page can’t be found
No web page was found for the web address: https://www.mineria.gob.bo/juridica/20121015-11-39-39.pdf",,Spanish,CCLW,BOL,Bolivia,2012-10-15 00:00:00+00:00,15/10/2012,Passed/Approved,15/10/2012,30/11/2023,14/01/2025,CCLW.legislative.1085.0,CCLW.family.1085.0,CCLW.corpus.i00000001.n0000,CCLW.collection.i00001853.n0000,Main,Law,Legislative,,Adaptation;Disaster Risk Management;Mitigation,,Agriculture;Industry;LULUCF,Adaptation;Institutions / Administrative Arrangements;Transport;Research And Development;REDD+ And LULUCF,,,,,
legislative-decree-656-2020-decree-362-2019-and-agreement-617-2019_2438,"Legislative Decree 656/2020, decree 362/2019 and agreement 617/2019",legislative-decree-656-2020-decree-362-2019-and-agreement-617-2019_277b,"Legislative Decree 656/2020, decree 362/2019 and agreement 617/2019","Concerns the Financial Cooperation Agreement with the Federal Republic of Germany, for the Project called: ""Urban Adaptation to Climate Change in Central America (El Salvador Component)"" according to Legislative Decree No. 362 dated June 27, 2019, published in the Official Gazette No. 134, Volume No. 424 of July 18 of the same year, which has allowed the execution of mitigation works in different human settlements in urban, peri-urban and rural areas.",,,,https://www.asamblea.gob.sv/sites/default/files/documents/correspondencia/72DA8BEA-1B4B-4BD1-948D-B2B8AED2F19D.pdf,PDF accessed manually,,Spanish,CCLW,SLV,El Salvador,2020-06-05 00:00:00+00:00,05/06/2020,Passed/Approved,05/06/2020,30/11/2023,29/10/2024,CCLW.legislative.10735.5958,CCLW.family.10735.0,CCLW.corpus.i00000001.n0000,,Main,Decree,Legislative,,Adaptation,,Economy-wide;Other;Urban,,Provision of climate funds|Direct Investment;International cooperation|Governance,,,,
law-on-promoting-the-use-of-energy-from-renewable-sources_2067,Law on promoting the use of energy from renewable sources,law-on-promoting-the-use-of-energy-from-renewable-sources-no-10-of-26-02-2016_7d80,Law on Promoting the Use of Energy from Renewable Sources(No. 10 of 26.02.2016),"<p>This law creates the framework for the application of Directive 2009/28 / EC of the European Parliament and of the Council of 23 April 2009 on the promotion of energy from renewable sources. The law mandates a new centralised specialist body to develop a national plan to achieve renewable energy targets drawn from the Directive, as well as making provision for a number of other bodies to play a role in monitoring and regulating compliance with the law and laying down the basic political objectives and regulatory support mechanisms for the deployment of renewable energy resources. </p>",,,Translation,https://www.google.com/url?sa=t&rct=j&q=&esrc=s&source=web&cd=&ved=2ahUKEwjJkJeW1rfwAhWrRRUIHeUVDPwQFjAAegQIAhAD&url=https%3A%2F%2Fwww.energy-community.org%2Fdam%2Fjcr%3Aa282e2ac-b8d4-46b9-8784-1c680f6abc0c%2FMC2017_Annex18g.pdf&usg=AOvVaw0zZzDGi-xTkLM1Ncht78Zl,PDF downloaded successfully,Sorted,English,CCLW,MDA,Moldova,2016-02-26 00:00:00+00:00,25/03/2018,Entered Into Force;Passed/Approved,2018-03-25;2016-02-26,30/11/2023,07/04/2025,CCLW.legislative.10016.4465,CCLW.family.10016.0,CCLW.corpus.i00000001.n0000,,Main,Law,Legislative,,Mitigation,,Energy,Renewables,"Standards, obligations and norms|Regulation;Institutional mandates|Governance;Processes, plans and strategies|Governance",,,,
coast-conservation-act-57-1981_9f77,Coast Conservation Act 57/1981,coast-conservation-act-57-1981-as-amended-by-act-49-2011_1795,Coast Conservation Act 57/1981 as amended by Act 49/2011,"The Coast Conservation Acts 57/1981 and 49/2011 set out measures to ensure a survey of the coastal zone and the preparation of a coastal zone management plan. The act also regulates development activities within the coastal zone and formulates schemes of work for coast conservation.&nbsp;<br><br>The Act No.57/1981 establishes the Coast Conservation Advisory Council (hereinafter referred to as "" the Council ""). The functions of the Council shall be: 1) to advise the Minister on all development activities proposed in the Coastal Zone; 2) to review the Coastal Zone Management Plan prepared in accordance with the provisions of Part II of this Act; 3) to review the environmental impact assessments furnished to the Director in connection with applications for permits under section 14; 4) to inform the Director of the need for schemes of work within the Coastal Zone; 5) to advise the Minister or the Director on any other matter relating to coast conservation.&nbsp;",,,,http://citizenslanka.org/wp-content/uploads/2016/02/Coast-Conservation-Act-No-57-of-1981-E.pdf,"This site can’t be reached
citizenslanka.org’s server IP address could not be found.",,English,CCLW,LKA,Sri Lanka,1981-01-01 00:00:00+00:00,30/11/2011,Amended;Passed/Approved,2011-11-30;1981-01-01,30/11/2023,24/04/2025,CCLW.legislative.9653.4072,CCLW.family.9653.0,CCLW.corpus.i00000001.n0000,,Main,Act,Legislative,,Adaptation,,Coastal zones,Coastal Erosion;Permit,Zoning & Spatial Planning|Regulation;Capacity building|Governance;Institutional mandates|Governance,,,,
notice-on-the-compensatory-afforestation-fund-act-2016_86ba,"Notice on the Compensatory Afforestation Fund Act, 2016",compensatory-afforestation-fund-act-act-no-38-of-2016_1599,Compensatory Afforestation Fund Act (Act no 38 of 2016),"This Act sets the legal framework around funds providing for compensatory afforestation. The rationale behind this Act is notably articulated around the concept of net present value that encompasses services such as flood moderation and carbon sequestration.<br><br>The document further creates the National Compensatory Afforestation Fund Management and Planning Authority (CAMPA) and sets its composition and powers.&nbsp;<br><br>In May 2020, the government announced that it would allocate Rs 6,000 crore to create jobs among indigenous tribes, in order to enhance afforestation efforts and protect ecosystems.",,,,http://egazette.nic.in/WriteReadData/2018/188570.pdf,"This site can’t be reached
egazette.nic.in’s server IP address could not be found.",,English,CCLW,IND,India,2016-07-01 00:00:00+00:00,12/05/2020,Amended;Passed/Approved;Entered Into Force,2020-05-12;2016-07-01;2018-09-30,30/11/2023,29/10/2024,CCLW.legislative.9489.3801,CCLW.family.9489.0,CCLW.corpus.i00000001.n0000,,Supporting Documentation,Act,Legislative,,Disaster Risk Management;Mitigation,Flood,LULUCF,Stimulus Plan;COVID-19;Reforestation;Biodiversity,"Provision of climate funds|Direct Investment;Nature based solutions and ecosystem restoration|Direct Investment;Institutional mandates|Governance;Processes, plans and strategies|Governance",,,,
regulation-for-the-exemption-of-the-im-on-sales-and-the-selective-consumption-to-the-spare-parts-of-electric-vehicles-and-exoneration-of-the-selective-imprumer-minae-mot-h_7ebe,Regulation for the exemption of the IM on sales and the selective consumption to the spare parts of electric vehicles and exoneration of the selective IMPRumer Minae-Mot-H,law-9518-on-incentives-and-promotion-for-electric-transport_268d,Law 9518 on incentives and promotion for electric transport,"This law creates the regulatory framework to regulate the promotion of electric transport in the country and strengthen public policies to encourage its use within the public sector and in the general public.Â Â This law regulates the public administrative organization linked to electric transport, institutional competences and their stimulus, through exemptions, incentives and public policies, in compliance with the commitments acquired in international conventions ratified by the country and Article 50 of the Constitution.Decree 41092-MINAE-H-MOPT regulates incentives for electric transport.Executive decree 42489-MINAE-H regulates the exemption of the tax on sales and the selective consumption tax on spare parts for electric vehicles and exemption from the selective consumption tax and 1% on the customs value for parts and recharging centers.",,,,http://www.pgrweb.go.cr/scij/Busqueda/Normativa/Normas/nrm_texto_completo.aspx?param1=NRTC&nValor1=1&nValor2=92387&nValor3=122303&strTipM=TC,Webpage accessed manually,Sorted,Spanish,CCLW,CRI,Costa Rica,2017-12-14 00:00:00+00:00,14/12/2017,Passed/Approved,14/12/2017,30/11/2023,29/10/2024,CCLW.legislative.8696.4661,CCLW.family.8696.0,CCLW.corpus.i00000001.n0000,,Supporting Legislation,Regulation,Legislative,,Mitigation,,Transport,EVs,"Tax incentives|Economic;Processes, plans and strategies|Governance",,,,
legislation-collection-climate-bank-package-and-sustainable-housing_2ced,Legislation collection: Climate bank package and sustainable housing,package-on-climate-bank-and-sustainable-housing_323f,Package on Climate Bank and Sustainable Housing,"The package on climate bank and sustainable housing of December 23th, 2016, is a broad set of laws aiming at enhancing the sustainable use of energy in the housing sector, and at instituting a climate subsidy scheme. The package consists of four new laws, and two amendments to previous laws. National regulations (RĂ¨glement grand-ducal) further details the scheme conditions set out in each law. <strong>The first law</strong> institutes a subsidy scheme to promote sustainability, rational energy use and the use of renewables in the housing sector, and modifies the <a href=""http://legilux.public.lu/eli/etat/leg/loi/2004/12/23/n1/jo"">law of December 23rd, 2004</a>, <a href=""http://legilux.public.lu/eli/etat/leg/loi/2012/12/26/n2/jo"">amended in 2012</a>, on a trading quotas scheme. It specifies the conditions to benefit the scheme, which includes specific grants for newly built personal homes and collective buildings, with regard to retrofitting, and lists the eligible installations: PV solar, thermic solar, heat pump, wood boiler, heat network and connection to a heat network. The scheme also promotes personal energy consulting in the case of retrofitting. <strong>The second law</strong> introduces a system of certification to assess the sustainability of houses and buildings, and modifies the law of February 25th, 1979 on housing subsidies. A national regulation specifies extensively the criteria of the new sustainability certificate. The certificate, which is also promoted by a subsidy, shall be accessible to any potential buyer. <strong>The third law</strong> sets rules with regard to the collection, seizure and control of housing aid cases and applicability is also determined by a national regulation. <strong>The fourth law</strong> institutes the aid framework of climate loans. These loans are an additional feature of the subsidy scheme aimed at promoting sustainable energy use in the housing sector. They include a zero-rate loan scheme to finance the acquisition of energy and retrofit systems, and apply to certain economic categories of households only. Previous regulations revised by the Package include the <a href=""http://legilux.public.lu/eli/etat/leg/rgd/2007/11/30/n7/jo"">2007 national regulation</a> and the <a href=""http://legilux.public.lu/eli/etat/leg/rmin/2013/01/16/n1/jo"">2013 ministerial regulatio</a>n on energetic performance.",,,,http://data.legilux.public.lu/file/eli-etat-leg-memorial-2016-299-fr-pdf.pdf,"Error
Failed to load PDF document.",,French,CCLW,LUX,Luxembourg,2016-12-23 00:00:00+00:00,23/12/2016,Passed/Approved,23/12/2016,30/11/2023,29/10/2024,CCLW.legislative.8536.3212,CCLW.family.8536.0,CCLW.corpus.i00000001.n0000,,Main,Law,Legislative,,Mitigation,,Buildings;Energy,Institutions / Administrative Arrangements;Energy Supply;Energy Demand,"Standards, obligations and norms|Regulation;Processes, plans and strategies|Governance",,,,
resolution-approving-the-establishment-of-the-citizens-assembly_f7ae,Resolution approving the establishment of the Citizens' Assembly,resolution-approving-the-establishment-of-the-citizens-assembly_3b3b,Resolution approving the establishment of the Citizens' Assembly,"This resolution of DĂˇil Ă‰ireann approves the establishment of the Citizensâ€™ Assembly. The Assembly is notably established to consider how the State can make Ireland a leader in tackling climate change, in order to&nbsp;make such recommendations as it sees fit and report to the Houses of the Oireachtas.<br><br><br><strong><br></strong><br>",,,,https://2016-2018.citizensassembly.ie/en/How-the-State-can-make-Ireland-a-leader-in-tackling-climate-change/Final-Report-on-how-the-State-can-make-Ireland-a-leader-in-tackling-climate-change/Climate-Change-Report-Final.pdf,"Cant reach this page. Taking too long to respond. Connection timed out during automated extraction. But also could not be reached when checked manually. Message read: 'This site can’t be reached
2016-2018.citizensassembly.ie took too long to respond.'",,English,CCLW,IRL,Ireland,2016-07-01 00:00:00+00:00,01/07/2016,Passed/Approved,01/07/2016,30/11/2023,29/10/2024,CCLW.legislative.9414.3526,CCLW.family.9414.0,CCLW.corpus.i00000001.n0000,,Main,Resolution,Legislative,,Adaptation;Mitigation,,Economy-wide,Citizens' Assembly,"Institutional mandates|Governance;Processes, plans and strategies|Governance",,,,
amendment-to-the-act-on-personal-income-tax-and-the-act-on-corporate-income-tax_712b,Amendment to the Act on Personal Income Tax and the Act on Corporate Income Tax,act-amending-the-personal-income-tax-act-and-the-corporate-income-tax-act_bd30,Act amending the Personal Income Tax Act and the Corporate Income Tax Act,"This document amends the Personal Income Tax Act and the Corporate Income Tax Act in order to introduce an income tax exemption for subsidies on low-emission vehicles.<br><br>The Act of 26 July 1991 on personal income tax is notably amended so that in art. 21 in paragraph 1 after item 129a, item 129b is added: ""129b) benefits, in particular subsidies and amounts of canceled loans, received from the Low-Emission Transport Fund;"".<br><br>The Act of February 15, 1992 on corporate income tax' Art. 17.1.60 is added: ""benefits, in particular subsidies and amounts of canceled loans, received from the Low-Emission Transport Fund.""",,,,http://prawo.sejm.gov.pl/isap.nsf/download.xsp/WDU20200000183/T/D20200183L.pdf,"This site can’t be reached
prawo.sejm.gov.pl’s server IP address could not be found.",,Polish,CCLW,POL,Poland,2019-12-20 00:00:00+00:00,20/02/2020,Entered Into Force;Passed/Approved,2020-02-20;2019-12-20,30/11/2023,28/04/2025,CCLW.legislative.9392.3477,CCLW.family.9392.0,CCLW.corpus.i00000001.n0000,,Main,Act,Legislative,,Mitigation,,Transport,Transport,Subsidies|Economic;Tax incentives|Economic,,,,
act-of-june-6-2018-amending-the-act-on-biocomponents-and-liquid-biofuels-and-some-other-acts_96ca,"Act of June 6, 2018 amending the Act on biocomponents and liquid biofuels and some other acts",act-on-biocomponents-and-liquid-biofuels-dz-u-2006-nr-169-poz-1199_6af3,Act on Biocomponents and Liquid Biofuels (Dz.U. 2006 nr 169 poz. 1199),"This Act (last amended in January 2015) establishes that the producers, importers and suppliers of fuels are obliged to meet an annual quota of biofuels in the total amount of liquid fuels produced, supplied and imported. The obligation levels are determined every three years for a period of six years by the Council of Ministers.<br><br>&nbsp;The following biocomponents are eligible: bioethanol, biomethanol, biobutanol, ester dimethylether, pure vegetable oil, bio liquid hydrocarbons, bio propane-butane, liquefied biomethane, compressed biomethane and biohydrogen, which are produced from biomass for use in the manufacture of liquid fuels or biofuels (art. 2 par. 1 no. 3). The biocomponents and bioliguids can only count towards the quota and be eligible for financial support, if they meet the sustainability criteria set out within the recognized certification system (art. 28b-28c) approved by the European Commission, including GHG emission reduction, protection of land with high biodiversity value, peatland protection and sustainable farming criteria (art. 28a).<br><br>The Act is detailed by Regulation of 23 July 2013 on the National Indicative Targets for 2013-2018). The Regulation established that the obliged companies have to ensure that biofuels make up the following quotas of the company's total annual sale or consumption of fuel: 7.10% between 2013 and 2016, 7.80% in 2017 and 8.50% in 2018.<br><br>This document was amended by the Act no. 1356/2019 ""amending the act on biocomponents And liquid biofuels and some other Acts"", notably to establish the Low-Emission Transport Fund.",,,,http://prawo.sejm.gov.pl/isap.nsf/DocDetails.xsp?id=WDU20180001356,"This site can’t be reached
prawo.sejm.gov.pl’s server IP address could not be found.",,Polish,CCLW,POL,Poland,2006-08-25 00:00:00+00:00,06/06/2018,Passed/Approved;Passed/Approved;Amended;Amended,2006-08-25;2013-07-23;2015-01-01;2018-06-06,30/11/2023,29/10/2024,CCLW.legislative.2009.3480,CCLW.family.2009.0,CCLW.corpus.i00000001.n0000,,Amendment,Act,Legislative,,Mitigation,,Agriculture;Energy;Environment;Transport,Energy Supply,Institutional mandates|Governance,,,,
general-law-on-climate-change-2023-amended-text_3db4,General Law on Climate Change (2023 Amended Text),general-law-on-climate-change_14c5,General Law on Climate Change,"<p>The approval of the GLCC gives certainty and continuity to climate policy in Mexico and sets the country on a path to a low carbon economy. It establishes the basis for the creation of institutions, legal frameworks and financing to move towards a low carbon economy. As a General Law, it specifies the different responsibilities of the Federation, Mexico's pledge under the Copenhagen Accord, in terms of committing the country to an emissions reduction target of 30% below Business As Usual (BAU) by 2020, subject to the availability of financial resources and technology transfer, as well as 50% GHG emissions reduction by 2050 compared to 2000. <br><br>The Law transforms the National Institute of Ecology into the National Institute of Ecology and Climate Change (INECC). The INECC will be responsible for compiling the National Emissions Inventory, will collaborate in the development of strategies, plans, programmes, instruments and actions related to sustainable development, the environment and climate change, and will help in the evaluation of national climate change policy. Through the Law, the Inter-ministerial Commission on Climate Change (IMCC), initially created by presidential agreement in 2005, is now formally the institution in charge of co-ordinating climate change government actions and formulating and implementing national adaptation and mitigation policies. The GLCC also establishes the National Climate Change System, formed by the IMCC, the INECC, state and municipal governments and representatives of Congress. Its main responsibility will be to co-ordinate the efforts of the Federal Government, states and municipalities. <br><br>Taking into account Mexico's vulnerability to climate impacts, the Law puts a strong emphasis on adaptation measures. The objective is to reduce social and ecosystem vulnerability by strengthening the resilience of natural and human systems to reduce damage and risk. One of the tools to achieve this is the 'Risk Atlas' which includes information about current and future vulnerability scenarios. The GLCC states that the national mitigation policy should include diagnosis, planning, measurement, reporting, verification and assessment of national GHG emissions. The national mitigation strategy will be implemented gradually; initially promoting the strengthening of national capacities and subsequently beginning mitigation activities in the most cost-effective sectors - energy production, transport, agriculture, forests and other land use, waste and industrial processes. <br><br>The GLCC also creates a climate change fund, which will channel public, private, national and international funding projects that simultaneously contribute to adaptation and mitigation actions, such as supporting state-level actions, research and innovation projects, technological development and transfer, and the purchase of Certified Emissions Reductions (CERs). The Law establishes a voluntary market for emissions trading to promote GHG reductions in a cost-effective, verifiable, measurable and reportable manner. The National Climate Change Policy, the Special Programme on Climate Change, and the Special Programme on the Use of Renewable Energy lay down details for the implementation of the Law. <br><br>The law was amended several times (lastly in 2023), important reforms were made in:</p>
<ul>
<li>2014 to establish a tax on fossil fuels;</li>
<li>2016 at article 94 to frame a carbon market. Attached <a href=""http://biblioteca.semarnat.gob.mx/janium/Documentos/Ciga/agenda/DOFsr/DO3452.pdf"" target=""_self"">regulation</a> sets the framework for the accounting of carbon emissions.</li>
<li>2018 by <a href=""http://www.dof.gob.mx/nota_detalle.php?codigo=5531463&fecha=13/07/2018"" target=""_self"">Decree 13/07/2018</a>, notably to initiate a national market of greenhouse gases emissions and to precise the contribution of Mexico within the scope of the Paris Agreement; and</li>
<li>2020 to eliminate the Climate Change Fund.</li>
<li>2023 to introduce an obligation to create a ""National Climate Change Vulnerability Atlas"".</li>
</ul>
",Mexico Framework Law on Climate Change ,,,https://www.diputados.gob.mx/LeyesBiblio/pdf/LGCC.pdf,"Cant reach this page. Taking too long to respond. Connection timed out during automated extraction. But also could not be reached when checked manually. Message read: 'This site can’t be reached
www.diputados.gob.mx took too long to respond.'",,Spanish,CCLW,MEX,Mexico,2012-06-06 00:00:00+00:00,15/11/2023,Amended;Amended;Passed/Approved,2023-11-15;2022-05-11;2012-06-06,30/11/2023,10/04/2025,CCLW.legislative.1449.6297,CCLW.family.1449.0,CCLW.corpus.i00000001.n0000,CCLW.collection.i00001270.n0000,Main,Law,Legislative,Adaptation;Mitigation,Adaptation;Mitigation,Hurricanes;High Tides;Heat Waves And Heat Stress;Storms;Floods;Cyclones;Fires;Cold Waves;Changes In Average Precipitation;Tsunamis,Agriculture;Buildings;Economy-wide;Energy;Industry;LULUCF;Transport;Waste,Adaptation;Carbon Pricing;Transport;Institutions / Administrative Arrangements;Energy Supply;Research And Development;REDD+ And LULUCF;Energy Demand,"Institutional mandates|Governance;Processes, plans and strategies|Governance;Research & Development, knowledge generation|Information",,,,
cabinet-decision-on-the-bill-for-the-act-of-partial-revision-of-the-electricity-business-act-and-other-acts-for-establishing-resilient-and-sustainable-electricity-supply-systems_d8c6,Cabinet Decision on the Bill for the Act of Partial Revision of the Electricity Business Act and Other Acts for Establishing Resilient and Sustainable Electricity Supply Systems,act-on-purchase-of-renewable-energy-sourced-electricity-by-electric-utilities-law-no-108-of-2011_5467,Act on Purchase of Renewable Energy Sourced Electricity by Electric Utilities (Law No. 108 of 2011),"This Act obliges electric utilities to purchase electricity generated from renewable energy sources (solar PV, wind power, hydraulic power, geothermal and biomass) based on a fixed-period contract with a fixed price. Costs incurred by the utility in purchasing renewable energy sourced electricity shall be transferred to all electricity customers, who pay the 'surcharge for renewable energy' in general proportional to electricity usage. Utility companies users that had been severely affected by the 2011 tsunami and earthquakes are exempted.<br>&nbsp;<br>&nbsp;A committee to calculate purchasing price is established under this law, which consists of 5 members with expertise in electricity business and economy, appointed by the Minister of Economy, Trade and Industry upon approval of both chambers of the Parliament.<br><br>The Act was amended on June 12, 2020, by the Act on Partial Amendment of the Electricity Business Act and Other Acts for Establishing Resilient and Sustainable Electricity Supply Systems. This document establishes 1) a Feed-in-Premium (FIP) scheme in addition to the existing FIT scheme 2) a system in which part of the expenditures for fortifying electricity grids necessary for expanding the introduction of renewable energy into businesses, e.g., regional interconnection lines, which regional electricity transmission/distribution businesses bear under the current Act, is to be supported based on the surcharge system across Japan, 3) obligations on renewable energy generators to establish an external reserve fund for the expenditures for discarding their facilities for generating renewable energy as a measure for addressing concerns over inappropriate discarding of PV facilities, 4) the obligation to maintain funds for decommissioning purposes, and 5) a modification of the FIT scheme.<br><br>",,,,https://www.meti.go.jp/english/press/2020/0225_001.html,"Page Not Found
We apologize for the inconvenience. The page you are trying to reach could not be found.
The page may have been moved or deleted.
To find what you are looking for, please try using our site search, or visit our site map.",,English,CCLW,JPN,Japan,2011-08-26 00:00:00+00:00,01/04/2022,Amended;Entered Into Force;Implementation Details;Amended;Passed/Approved,2020-06-12;2012-07-01;2022-04-01;2014-06-18;2011-08-26,30/11/2023,29/10/2024,CCLW.legislative.1409.3879,CCLW.family.1409.0,CCLW.corpus.i00000001.n0000,,Amendment,Decision,Legislative,,Mitigation,,Economy-wide;Energy;Transport,Energy Supply,"Standards, obligations and norms|Regulation;Subsidies|Economic",,,,
electricity-act-2023_88e3,Electricity Act 2023,electricity-act-2023_d80f,Electricity Act 2023,"<p>Nigeria's Electricity Act 2023 repeals the Electric Power Sector Reform Act No. 6 of 2005, and forms a comprehensive updated framework for the operation and development of the power sector. It contains provisions to guide and enhance the integration of renewable generation into the energy mix, actively promoting further research, legal frameworks and investment for renewables.</p>",,,Original Language,https://nemsa.gov.ng/wp-content/uploads/2024/05/ELECTRICITY-ACT-2023.pdf,PDF accessed manually,,English,CCLW,NGA,Nigeria,2023-06-09 00:00:00+00:00,09/06/2023,Passed/Approved,09/06/2023,11/12/2025,11/12/2025,CCLW.document.i00006891.n0000,CCLW.family.i00006890.n0000,CCLW.corpus.i00000001.n0000,,Main,Act,Legislative,,Mitigation,,Energy,Renewables,,,,https://climate-laws.org/documents/electricity-act-2023_88e3,https://climate-laws.org/document/electricity-act-2023_d80f
legal-notice-no-47-approving-the-national-building-code-2024_437a,Legal Notice No. 47 Approving the National Building Code 2024,legal-notice-no-47-approving-the-national-building-code-2024_166f,Legal notice no. 47 approving the National Building Code 2024,"<p>The National Building Code 2024 in Kenya, published as Legal Notice No. 47 on March 1, 2024, replaces the outdated 1968 regulations and introduces modern standards for building design, construction, and maintenance. The code emphasizes environmental sustainability by setting standards for energy efficiency, waste management, and noise control, while also encouraging the use of green building practices and materials to reduce the environmental footprint of construction activities.</p>",,,,https://kenyalaw.org/kl/fileadmin/pdfdownloads/LegalNotices/2024/LN47_2024.pdf,PDF accessed manually,Sorted,English,CPR,KEN,Kenya,2024-02-20 00:00:00+00:00,20/02/2024,Passed/Approved,20/02/2024,18/09/2025,23/09/2025,CPR.document.i00006621.n0000,CPR.family.i00006620.n0000,CPR.corpus.i00000001.n0000,,Main,Act,Legislative,,Mitigation,,Buildings,Energy Efficiency,"Standards, obligations and norms|Regulation",,,https://climate-laws.org/documents/legal-notice-no-47-approving-the-national-building-code-2024_437a,https://climate-laws.org/document/legal-notice-no-47-approving-the-national-building-code-2024_166f
sixteenth-five-year-development-plan-2024-25-2028-29_4dfb,Sixteenth Five-Year Development Plan (2024/25-2028/29),sixteenth-five-year-development-plan-2024-25-2028-29_8577,Sixteenth Five-Year Development Plan (2024/25-2028/29),"<p>Nepal's 16th Five-Year Development Plan (2024/25-2028/29) was approved on August 2, 2023, and is set to be implemented starting July 16, 2024. While the plan's concept note initially lacked focus on climate change and emission mitigation, subsequent revisions aim to incorporate strategies for reducing greenhouse gas emissions, including transitioning to zero-emission transportation, shifting to renewable energy sources, and improving energy efficiency across various sectors.</p>",,,,https://giwmscdnone.gov.np/media/pdf_upload/%E0%A4%B8%E0%A5%8B%E0%A4%B9%E0%A5%8D%E0%A4%B0%E0%A5%8C%E0%A4%82%20%E0%A4%AF%E0%A5%8B%E0%A4%9C%E0%A4%A8%E0%A4%BE_rfucaur.pdf,PDF accessed manually,Sorted,Nepali (macrolanguage),CPR,NPL,Nepal,2023-08-02 00:00:00+00:00,16/07/2024,Passed/Approved;Passed/Approved,2023-08-02;2024-07-16,21/09/2025,23/09/2025,CPR.document.i00006651.n0000,CPR.family.i00006650.n0000,CPR.corpus.i00000001.n0000,,Main,Plan,Legislative,,Mitigation,,Energy,Energy Demand;Energy Efficiency;Technology;Renewables;Energy Transition;Transport,"Processes, plans and strategies|Governance",,,https://climate-laws.org/documents/sixteenth-five-year-development-plan-2024-25-2028-29_4dfb,https://climate-laws.org/document/sixteenth-five-year-development-plan-2024-25-2028-29_8577
disaster-risk-management-act-no-23-of-2019_a7d5,Disaster Risk Management Act no. 23 of 2019,disaster-risk-management-act-no-23-of-2019_3ba6,Disaster Risk Management Act no. 23 of 2019,"<p>The Disaster Risk Management Act no. 23 of 2019 acknowledges climate change as a key natural disaster threat to Vanuatu, and introduces legal provisions for responding to major disasters of any kind. It defines the structure, function and responsibilities of national and subnational committees dedicated to co-ordinating disaster response, and defines a framework for the official declaration of national emergencies. These committees at the provincial and municipal levels are explicitly named 'Disaster and Climate Change Committees', combining climate risk management with general disaster management responsibilities. This act replaces and repeals the National Disaster Act [CAP267].</p>",,,,https://ndmo.gov.vu/images/download/DRMAct2019/DRM_Act_23_of_2019.pdf,PDF accessed manually,,English,CCLW,VUT,Vanuatu,2019-12-23 00:00:00+00:00,23/12/2019,Passed/Approved,23/12/2019,18/08/2025,27/08/2025,CCLW.document.i00004832.n0000,CCLW.family.i00004831.n0000,CCLW.corpus.i00000001.n0000,,Main,Act,Legislative,,Disaster Risk Management,,Economy-wide,,,,,https://climate-laws.org/documents/disaster-risk-management-act-no-23-of-2019_a7d5,https://climate-laws.org/document/disaster-risk-management-act-no-23-of-2019_3ba6
general-law-on-mobility-and-road-safety-ley-general-de-movilidad-y-seguridad-vial_9f2e,General Law on Mobility and Road Safety (Ley General de Movilidad y Seguridad Vial),general-law-on-mobility-and-road-safety-ley-general-de-movilidad-y-seguridad-vial_8f25,General Law on Mobility and Road Safety (Ley General de Movilidad y Seguridad Vial),"<p>The General Law on Mobility and Road Safety establishes a comprehensive legal framework to guarantee the constitutional right to mobility across Mexico. It aims to ensure safe, accessible, efficient, sustainable, and inclusive transport systems, considering vulnerable groups. The law sets out principles and responsibilities for federal, state, and municipal authorities, mandating coordinated policy-making through the National Mobility and Road Safety System. It promotes a hierarchy of mobility that prioritises pedestrians, non-motorised transport, and low-emission modes, while integrating mobility planning with urban development, public health, environmental protection, and climate resilience.Sustainability and climate considerations are included to the law's objectives. Authorities are required to reduce the environmental and social impacts of transport by encouraging cleaner technologies, reducing dependence on fossil fuels, and promoting resilient infrastructure. The law explicitly links transport policy with climate change mitigation and adaptation strategies, and mandates demand management measures to discourage the use of polluting and inefficient modes of transport. In doing so, it contributes to broader efforts to reduce greenhouse gas emissions and to ensure intergenerational equity in access to mobility and environmental quality.</p>",,,Original Language,https://www.diputados.gob.mx/LeyesBiblio/pdf/LGMSV.pdf,"Cant reach this page. Taking too long to respond. Connection timed out during automated extraction. But also could not be reached when checked manually. Message read: 'This site can’t be reached
www.diputados.gob.mx took too long to respond.'",,Spanish,CCLW,MEX,Mexico,2023-12-29 00:00:00+00:00,29/12/2023,Passed/Approved,29/12/2023,17/08/2025,18/08/2025,CPR.document.i00006397.n0000,CPR.family.i00006396.n0000,CCLW.corpus.i00000001.n0000,,Main,Law,Legislative,,Mitigation;Adaptation,,Transport,Multi-Modal Transport;Innovation;Mitigation,,,,https://climate-laws.org/documents/general-law-on-mobility-and-road-safety-ley-general-de-movilidad-y-seguridad-vial_9f2e,https://climate-laws.org/document/general-law-on-mobility-and-road-safety-ley-general-de-movilidad-y-seguridad-vial_8f25
bahamas-protected-areas-fund-act-chapter-255a_3fd2,Bahamas Protected Areas Fund Act (Chapter 255A),bahamas-protected-areas-fund-act-chapter-255a_30b3,Bahamas Protected Areas Fund Act (Chapter 255A),"<p>This Act provides for the establishment and regulation of the Bahamas Protected Areas Fund, which protects designated areas such as fisheries resource areas, forest reserves, and wild bird protected areas.</p>
<p>The Fund's purpose is to ensure sustainable financing into perpetuity for the management of protected areas, for scientific and policy research and education, and conservation and management of protected areas nad rpograms established for any area which may be designated to give effect to the ultimate objective of the UNFCCC and any other relevant multilateral environmental agreement or International Convention to which The Bahamas is a signatory or may become a signatory for adaptation to and mitigating the adverse effects of climate change.</p>
<p>The Act contains provisions on the composition of the Bord of Directors; revenue, accounts and audit; and methods of dissolution of the Fund and bye-laws of the Board.</p>",,,Original Language,https://laws.bahamas.gov.bs/cms/images/LEGISLATION/PRINCIPAL/2014/2014-0028/2014-0028.pdf,PDF accessed manually,,English,CCLW,BHS,Bahamas,2014-07-07 00:00:00+00:00,07/07/2014,Passed/Approved,07/07/2014,07/08/2025,11/08/2025,CCLW.document.i00004625.n0000,CCLW.family.i00004624.n0000,CCLW.corpus.i00000001.n0000,,Main,Act,Legislative,,Mitigation;Adaptation,,Finance,Climate Finance,,,,https://climate-laws.org/documents/bahamas-protected-areas-fund-act-chapter-255a_3fd2,https://climate-laws.org/document/bahamas-protected-areas-fund-act-chapter-255a_30b3
carbon-tax-act-regulations_00c0,Carbon Tax Act Regulations,carbon-offset-regulations_1cbc,Carbon Offset Regulations,"<p>The Carbon Offset Regulations are linked to Section 19c of the Carbon Tax Act 2019, and details the eligibility of carbon credit projects or activities, limitations, processes and institutional responsibilities for use of the Act's carbon ""offset"" allowance. The carbon tax can be offset by retiring domestic carbon offsets only. This offset allowance is capped at either 5% or 10% depending on the IPCC activity/sector, as identified in Schedule 2 of the Carbon Tax Act (2019). The offset use allowance will be increased by 5 percentage points from 2026 to encourage investment in low-carbon projects.</p>
<p>Eligible Standards and Project Types</p>
<ul>
<li>Carbon offset projects must be verified under the Verified Carbon Standard (VCS), Gold Standard (GS), or the Clean Development Mechanism (CDM).</li>
<li>All projects in the AFOLU, waste, and transportation sectors.</li>
<li>All community-based energy efficiency projects.</li>
<li>Energy efficiency and co-generation projects which do not also generate thermal energy implemented on activities that are covered by the carbon tax resulting in reduced fuel consumption.</li>
<li>All small-scale renewable energy (RE) projects up to 15 MW for both the Renewable Energy Independent Power Producers Procurement Programme (REIPPPP) and non-REIPPPP projects.</li>
<li>For projects greater than 15 MW, either from the REIPPPP from Bidding Round 3 onwards or from non-REIPPPP projects, provided that their tariff, as per the signed PPA, is above R1.09/kWh.</li>
<li>RE projects of any size under the REIPPPP signed after May 9, 2013.</li>
</ul>",,,Original Language,https://carbon.energy.gov.za/Documents/Docs/2019%20Carbon%20Offset%20Regulations.pdf,"Your connection is not private
Attackers might be trying to steal your information from carbon.energy.gov.za (for example, passwords, messages or credit cards). Learn more about this warning
net::ERR_CERT_DATE_INVALID",,Afrikaans;English,CPR,ZAF,South Africa,2019-11-29 00:00:00+00:00,29/11/2019,Passed/Approved,29/11/2019,30/01/2025,04/03/2025,CPR.document.i00003075.n0000,CPR.family.i00003074.n0000,CPR.corpus.Goldstandard.n0000,,Main,Regulation,Legislative,,,,,,,,,https://climate-laws.org/documents/carbon-tax-act-regulations_00c0,https://climate-laws.org/document/carbon-offset-regulations_1cbc
